flight_number,link,origin_airport,destination_airport,departure_at,airline,destination,return_at,origin,price,gate,return_transfers,duration,duration_to,duration_back,transfers,requested_destination
785,/search/MOW0107MIL15071?t=W417829390001783041000001760VKOEVNMXP17841195001784245500002040BGYSAWISTSVO_fadfdcc7b5b9ef27c8658ea4ad0893a9_50234&search_date=21032026&expected_price_uuid=019d10ba-f1b9-8030-6e8b-eb2b33c345ea&static_fare_key=TY%7CP0%7CH0%7CL0%7CCH0%7CR0%7CTBC0&expected_price_source=share&expected_price_currency=eur&expected_price=523,VKO,MXP,2026-07-01T20:50:00+03:00,UT,MIL,2026-07-15T12:45:00+02:00,MOW,523,Kupi.com,1,3800,490,395,1,MIL
785,/search/MOW0107MIL15071?t=W417829390001783041000001760VKOEVNMXP17841486001784245500001555MXPBEGISTSVO_a9a95aef93c0a6ea2ba89598ae1b7f94_50507&search_date=21032026&expected_price_uuid=019d10ba-f1b9-8030-6e8b-eb2b33c345ea&static_fare_key=TY%7CP0%7CH0%7CL0%7CCH0%7CR0%7CTBC0&expected_price_source=share&expected_price_currency=eur&expected_price=526,VKO,MXP,2026-07-01T20:50:00+03:00,UT,MIL,2026-07-15T20:50:00+02:00,MOW,526,Kupi.com,2,3315,490,440,1,MIL
785,/search/MOW0107MIL15071?t=DP17829390001783041000001760VKOEVNMXP17841195001784235000001865BGYSAWISTVKO_98ca354b369e76a380afd70db0de3217_51597&search_date=21032026&expected_price_uuid=019d10ba-f1b9-8030-6e8b-eb2b33c345ea&static_fare_key=TY%7CP0%7CH0%7CL0%7CCH0%7CR0%7CTBC0&expected_price_source=share&expected_price_currency=eur&expected_price=538,VKO,MXP,2026-07-01T20:50:00+03:00,UT,MIL,2026-07-15T12:45:00+02:00,MOW,538,Kupi.com,1,3625,490,445,1,MIL
785,/search/MOW0107MIL15071?t=DP17829390001783041000001760VKOEVNMXP17841486001784235000001380MXPBEGISTVKO_f3ee1851e3ed147ba0d5b42eacabd729_51870&search_date=21032026&expected_price_uuid=019d10ba-f1b9-8030-6e8b-eb2b33c345ea&static_fare_key=TY%7CP0%7CH0%7CL0%7CCH0%7CR0%7CTBC0&expected_price_source=share&expected_price_currency=eur&expected_price=540,VKO,MXP,2026-07-01T20:50:00+03:00,UT,MIL,2026-07-15T20:50:00+02:00,MOW,540,Kupi.com,2,3140,490,490,1,MIL
13,/search/MOW0107MIL15071?t=GF17829108001782975300001135SVOBAHMXP17841186001784189700001125MXPBAHSVO_9393466d9c32f62ade0bb1bfe78de5a0_56451&search_date=21032026&expected_price_uuid=019d10ba-f1b9-8030-6e8b-eb2b33c345ea&static_fare_key=TY%7CP0%7CH1%7CL1_1_25%7CCH0%7CR0%7CTBC1&expected_price_source=share&expected_price_currency=eur&expected_price=588,SVO,MXP,2026-07-01T13:00:00+03:00,GF,MIL,2026-07-15T12:30:00+02:00,MOW,588,OneTwoTrip,1,2260,760,745,1,MIL
2633,/search/MOW0107MIL15071?t=W417829432001783041000001690DMEEVNMXP17841195001784245500002040BGYSAWISTSVO_497137d7f9c284f546cf82733b24b4fc_62833&search_date=21032026&expected_price_uuid=019d10ba-f1b9-8030-6e8b-eb2b33c345ea&static_fare_key=TY%7CP0%7CH0%7CL1_1_10%7CCH0%7CR0%7CTBC1&expected_price_source=share&expected_price_currency=eur&expected_price=655,DME,MXP,2026-07-01T22:00:00+03:00,U6,MIL,2026-07-15T12:45:00+02:00,MOW,655,Kupi.com,1,3730,480,395,1,MIL
2633,/search/MOW0107MIL15071?t=W417829432001783041000001690DMEEVNMXP17841486001784245500001555MXPBEGISTSVO_3b306fdf00039b3835d03a0ac919665e_63299&search_date=21032026&expected_price_uuid=019d10ba-f1b9-8030-6e8b-eb2b33c345ea&static_fare_key=TY%7CP0%7CH0%7CL1_1_10%7CCH0%7CR0%7CTBC1&expected_price_source=share&expected_price_currency=eur&expected_price=660,DME,MXP,2026-07-01T22:00:00+03:00,U6,MIL,2026-07-15T20:50:00+02:00,MOW,660,Kupi.com,2,3245,480,440,1,MIL
785,/search/MOW0107MIL15071?t=DP17829390001783041000001760VKOEVNMXP17841195001784235000001865BGYSAWISTVKO_98ca354b369e76a380afd70db0de3217_65955&search_date=21032026&expected_price_uuid=019d10ba-f1b9-8030-6e8b-eb2b33c345ea&static_fare_key=TY%7CP0%7CH0%7CL1_1_10%7CCH0%7CR0%7CTBC1&expected_price_source=share&expected_price_currency=eur&expected_price=687,VKO,MXP,2026-07-01T20:50:00+03:00,UT,MIL,2026-07-15T12:45:00+02:00,MOW,687,Kupi.com,1,3625,490,445,1,MIL
785,/search/MOW0107MIL15071?t=DP17829390001783041000001760VKOEVNMXP17841486001784235000001380MXPBEGISTVKO_f3ee1851e3ed147ba0d5b42eacabd729_66600&search_date=21032026&expected_price_uuid=019d10ba-f1b9-8030-6e8b-eb2b33c345ea&static_fare_key=TY%7CP0%7CH0%7CL1_1_10%7CCH0%7CR0%7CTBC1&expected_price_source=share&expected_price_currency=eur&expected_price=694,VKO,MXP,2026-07-01T20:50:00+03:00,UT,MIL,2026-07-15T20:50:00+02:00,MOW,694,Kupi.com,2,3140,490,490,1,MIL
135,/search/MOW0107MIL15071?t=JU17829498001782981000000580SVOBEGMXP17841072001784167500000945MXPBEGSVO_5b4af1884c31ee9acafc69fae585234f_67479&search_date=21032026&expected_price_uuid=019d10ba-f1b9-8030-6e8b-eb2b33c345ea&static_fare_key=TY%7CP0%7CH1%7CL0%7CCH0%7CR0%7CTBC0&expected_price_source=share&expected_price_currency=eur&expected_price=703,SVO,MXP,2026-07-01T23:50:00+03:00,JU,MIL,2026-07-15T09:20:00+02:00,MOW,703,Kupi.com,1,1525,295,295,1,MIL
2138,/search/MOW0107MIL15071?t=SU17829483001782988800000735SVOISTSAWBGY17841273001784175000000735MXPISTSVO_a6a8cb35db86c57f0a774ebe1e0d2862_69079&search_date=21032026&expected_price_uuid=019d10ba-f1b9-8030-6e8b-eb2b33c345ea&static_fare_key=TY%7CP0%7CH0%7CL0%7CCH0%7CR0%7CTBC0&expected_price_source=share&expected_price_currency=eur&expected_price=720,SVO,BGY,2026-07-01T23:25:00+03:00,SU,MIL,2026-07-15T14:55:00+02:00,MOW,720,Kupi.com,1,1470,480,450,1,MIL
316,/search/MOW0107MIL15071?t=3F17829342001783018800001470DMEEVNMXP17841072001784190600001330MXPBEGISTSVO_decc76ef508611fb12eac005619c02a2_69348&search_date=21032026&expected_price_uuid=019d10ba-f1b9-8030-6e8b-eb2b33c345ea&static_fare_key=TY%7CP0%7CH0%7CL0%7CCH0%7CR0%7CTBC0&expected_price_source=share&expected_price_currency=eur&expected_price=723,DME,MXP,2026-07-01T19:30:00+03:00,3F,MIL,2026-07-15T09:20:00+02:00,MOW,723,City.Travel,2,2800,460,480,1,MIL
2134,/search/MOW0107MIL15071?t=SU17829258001782983400001020SVOISTMUCLIN17841072001784190600001330MXPBEGISTSVO_0556a66ff1725dcb7da3bebc1cce8538_69640&search_date=21032026&expected_price_uuid=019d10ba-f1b9-8030-6e8b-eb2b33c345ea&static_fare_key=TY%7CP0%7CH1%7CL0%7CCH0%7CR0%7CTBC0&expected_price_source=share&expected_price_currency=eur&expected_price=726,SVO,LIN,2026-07-01T17:10:00+03:00,SU,MIL,2026-07-15T09:20:00+02:00,MOW,726,City.Travel,2,2350,530,480,2,MIL
86,/search/MOW0107MIL15071?t=2S17829180001782977400001050SVOISTIASBGY17841072001784167500000945MXPBEGSVO_9be87febce69e69afa5e8a7c79a7d082_70692&search_date=21032026&expected_price_uuid=019d10ba-f1b9-8030-6e8b-eb2b33c345ea&static_fare_key=TY%7CP0%7CH0%7CL0%7CCH0%7CR0%7CTBC0&expected_price_source=share&expected_price_currency=eur&expected_price=737,SVO,BGY,2026-07-01T15:00:00+03:00,2S,MIL,2026-07-15T09:20:00+02:00,MOW,737,Aviakassa,1,1995,475,295,2,MIL
957,/search/MOW0107MIL15071?t=G917828652001782909000000790DMESHJBGY17841357001784178300000650BGYSAWVKO_661a343219a514d84995c5f07d8c51f5_71361&search_date=21032026&expected_price_uuid=019d10ba-f1b9-8030-6e8b-eb2b33c345ea&static_fare_key=TY%7CP0%7CH0%7CL0%7CCH0%7CR0%7CTBC0&expected_price_source=share&expected_price_currency=eur&expected_price=744,DME,BGY,2026-07-01T00:20:00+03:00,G9,MIL,2026-07-15T17:15:00+02:00,MOW,744,Kupi.com,1,1440,730,410,1,MIL
957,/search/MOW0107MIL15071?t=G917828652001782909000000790DMESHJBGY17841273001784175000000735MXPISTSVO_9c5d8cd6f5c3722e504a943baab6bedc_71832&search_date=21032026&expected_price_uuid=019d10ba-f1b9-8030-6e8b-eb2b33c345ea&static_fare_key=TY%7CP0%7CH1%7CL0%7CCH0%7CR0%7CTBC0&expected_price_source=share&expected_price_currency=eur&expected_price=748,DME,BGY,2026-07-01T00:20:00+03:00,G9,MIL,2026-07-15T14:55:00+02:00,MOW,748,Kupi.com,1,1525,730,450,1,MIL
316,/search/MOW0107MIL15071?t=3F17829342001783018800001470DMEEVNMXP17841399001784245500001700LINMUCISTSVO_22419c3838a52858f95d54bbacbdcae1_74993&search_date=21032026&expected_price_uuid=019d10ba-f1b9-8030-6e8b-eb2b33c345ea&static_fare_key=TY%7CP0%7CH0%7CL0%7CCH0%7CR0%7CTBC0&expected_price_source=share&expected_price_currency=eur&expected_price=781,DME,MXP,2026-07-01T19:30:00+03:00,3F,MIL,2026-07-15T18:25:00+02:00,MOW,781,City.Travel,2,3170,460,450,1,MIL
2134,/search/MOW0107MIL15071?t=SU17829258001782983400001020SVOISTMUCLIN17840982001784148600000780MXPISTVKO_b3e46ffcd8728783c966f879c70b46a7_75097&search_date=21032026&expected_price_uuid=019d10ba-f1b9-8030-6e8b-eb2b33c345ea&static_fare_key=TY%7CP0%7CH0%7CL0%7CCH0%7CR0%7CTBC0&expected_price_source=share&expected_price_currency=eur&expected_price=783,SVO,LIN,2026-07-01T17:10:00+03:00,SU,MIL,2026-07-15T06:50:00+02:00,MOW,783,City.Travel,1,1800,530,460,2,MIL
2134,/search/MOW0107MIL15071?t=SU17829258001782983400001020SVOISTMUCLIN17841273001784190600000995MXPISTSVO_cd2d0eff16e230455644f700695a070b_75561&search_date=21032026&expected_price_uuid=019d10ba-f1b9-8030-6e8b-eb2b33c345ea&static_fare_key=TY%7CP0%7CH1%7CL0%7CCH0%7CR0%7CTBC0&expected_price_source=share&expected_price_currency=eur&expected_price=787,SVO,LIN,2026-07-01T17:10:00+03:00,SU,MIL,2026-07-15T14:55:00+02:00,MOW,787,City.Travel,1,2015,530,450,2,MIL
588,/search/MOW0107MIL15071?t=VF17828823001782979800001685VKOESBSAWTIAMXP17841072001784167500000945MXPBEGSVO_8de5fb7f6d4f9a794ba3d8423e7d13df_76512&search_date=21032026&expected_price_uuid=019d10ba-f1b9-8030-6e8b-eb2b33c345ea&static_fare_key=TY%7CP0%7CH0%7CL0%7CCH0%7CR0%7CTBC0&expected_price_source=share&expected_price_currency=eur&expected_price=797,VKO,MXP,2026-07-01T05:05:00+03:00,VF,MIL,2026-07-15T09:20:00+02:00,MOW,797,Aviakassa,1,2630,555,295,3,MIL
957,/search/MOW0107MIL15071?t=G917828652001782909000000790DMESHJBGY17841120001784153100000625MXPISTSVO_e3a204cec7b97a232e40a9a688d7ff13_76837&search_date=21032026&expected_price_uuid=019d10ba-f1b9-8030-6e8b-eb2b33c345ea&static_fare_key=TY%7CP0%7CH1%7CL0%7CCH0%7CR0%7CTBC0&expected_price_source=share&expected_price_currency=eur&expected_price=801,DME,BGY,2026-07-01T00:20:00+03:00,G9,MIL,2026-07-15T10:40:00+02:00,MOW,801,Kupi.com,1,1415,730,455,1,MIL
588,/search/MOW0107MIL15071?t=VF17828823001783005000002105VKOESBSAWTIABGY17841072001784167500000945MXPBEGSVO_185746e1304e1fe55589140d833412ef_77257&search_date=21032026&expected_price_uuid=019d10ba-f1b9-8030-6e8b-eb2b33c345ea&static_fare_key=TY%7CP0%7CH0%7CL0%7CCH0%7CR0%7CTBC0&expected_price_source=share&expected_price_currency=eur&expected_price=805,VKO,BGY,2026-07-01T05:05:00+03:00,VF,MIL,2026-07-15T09:20:00+02:00,MOW,805,Aviakassa,1,3050,545,295,3,MIL
957,/search/MOW0107MIL15071?t=G917828652001782909000000790DMESHJBGY17841357001784178300000650BGYSAWVKO_661a343219a514d84995c5f07d8c51f5_77620&search_date=21032026&expected_price_uuid=019d10ba-f1b9-8030-6e8b-eb2b33c345ea&static_fare_key=TY%7CP0%7CH0%7CL1_1_12%7CCH0%7CR0%7CTBC1&expected_price_source=share&expected_price_currency=eur&expected_price=809,DME,BGY,2026-07-01T00:20:00+03:00,G9,MIL,2026-07-15T17:15:00+02:00,MOW,809,Kupi.com,1,1440,730,410,1,MIL
137,/search/MOW0107MIL15071?t=JU17828745001782894600000395SVOBEGMXP17841072001784140800000500MXPBEGSVO_210a3dbcba84ec88a27b249ef006a8a4_78970&search_date=21032026&expected_price_uuid=019d10ba-f1b9-8030-6e8b-eb2b33c345ea&static_fare_key=TY%7CP0%7CH1%7CL0%7CCH0%7CR0%7CTBC0&expected_price_source=share&expected_price_currency=eur&expected_price=823,SVO,MXP,2026-07-01T02:55:00+03:00,JU,MIL,2026-07-15T09:20:00+02:00,MOW,823,Kupi.com,1,895,295,295,1,MIL
993,/search/MOW0107MIL15071?t=DP17828880001782927900000725VKOISTMXP17841357001784178300000650BGYSAWVKO_8c2cb0ff2ede0fed14f765980bd5d59b_79528&search_date=21032026&expected_price_uuid=019d10ba-f1b9-8030-6e8b-eb2b33c345ea&static_fare_key=TY%7CP0%7CH0%7CL0%7CCH0%7CR0%7CTBC0&expected_price_source=share&expected_price_currency=eur&expected_price=829,VKO,MXP,2026-07-01T06:40:00+03:00,DP,MIL,2026-07-15T17:15:00+02:00,MOW,829,Kupi.com,1,1375,490,410,1,MIL
810,/search/MOW0107MIL15071?t=J217828676001782901500000625VKOGYDMXP17841147001784155800000625MXPGYDVKO_1ad4925fb3894c73e1ee8dabfa0ecfcd_79585&search_date=21032026&expected_price_uuid=019d10ba-f1b9-8030-6e8b-eb2b33c345ea&static_fare_key=TY%7CP0%7CH1%7CL0%7CCH0%7CR0%7CTBC0&expected_price_source=share&expected_price_currency=eur&expected_price=829,VKO,MXP,2026-07-01T01:00:00+03:00,J2,MIL,2026-07-15T11:25:00+02:00,MOW,829,OneTwoTrip,1,1250,520,480,1,MIL
810,/search/MOW0107MIL15071?t=J217828676001782901500000625VKOGYDMXP17841147001784158800000675MXPGYDDME_f156dfe7a6f7473a5c02a95effde39ed_79585&search_date=21032026&expected_price_uuid=019d10ba-f1b9-8030-6e8b-eb2b33c345ea&static_fare_key=TY%7CP0%7CH1%7CL0%7CCH0%7CR0%7CTBC0&expected_price_source=share&expected_price_currency=eur&expected_price=829,VKO,MXP,2026-07-01T01:00:00+03:00,J2,MIL,2026-07-15T11:25:00+02:00,MOW,829,OneTwoTrip,1,1300,520,485,1,MIL
186,/search/MOW0107MIL15071?t=J217828664001782901500000645DMEGYDMXP17841147001784155800000625MXPGYDVKO_56ff4d2426310d88be971d025285fdff_79735&search_date=21032026&expected_price_uuid=019d10ba-f1b9-8030-6e8b-eb2b33c345ea&static_fare_key=TY%7CP0%7CH1%7CL0%7CCH0%7CR0%7CTBC0&expected_price_source=share&expected_price_currency=eur&expected_price=831,DME,MXP,2026-07-01T00:40:00+03:00,J2,MIL,2026-07-15T11:25:00+02:00,MOW,831,OneTwoTrip,1,1270,515,480,1,MIL
2170,/search/MOW0107MIL15071?t=SU17828676001782915000000850SVOISTMXP17841273001784175000000735MXPISTSVO_2e5c33ea0513f219395b5842f28288c8_79750&search_date=21032026&expected_price_uuid=019d10ba-f1b9-8030-6e8b-eb2b33c345ea&static_fare_key=TY%7CP0%7CH1%7CL0%7CCH0%7CR0%7CTBC0&expected_price_source=share&expected_price_currency=eur&expected_price=831,SVO,MXP,2026-07-01T01:00:00+03:00,SU,MIL,2026-07-15T14:55:00+02:00,MOW,831,Kupi.com,1,1585,470,450,1,MIL
391,/search/MOW0107MIL15071?t=PC17828862001782922200000660VKOSAWBGY17841357001784178300000650BGYSAWVKO_2409ce28e236d2474b75262b7a3cf9e1_80612&search_date=21032026&expected_price_uuid=019d10ba-f1b9-8030-6e8b-eb2b33c345ea&static_fare_key=TY%7CP0%7CH0%7CL0%7CCH0%7CR0%7CTBC0&expected_price_source=share&expected_price_currency=eur&expected_price=840,VKO,BGY,2026-07-01T06:10:00+03:00,PC,MIL,2026-07-15T17:15:00+02:00,MOW,840,Kupi.com,1,1310,420,410,1,MIL
2138,/search/MOW0107LON15071?t=SU17829483001783030500001490SVOISTLGW17840976001784245500002345LHRCPHISTSVO_d6c14ab1cf8685238951444c1ce4f6fa_56996&search_date=22032026&expected_price_uuid=019d1541-8393-8030-e557-a4d2ce1863c7&static_fare_key=TY%7CP0%7CH0%7CL0%7CCH0%7CR0%7CTBC0&expected_price_source=share&expected_price_currency=eur&expected_price=594,SVO,LGW,2026-07-01T23:25:00+03:00,SU,LON,2026-07-15T06:40:00+01:00,MOW,594,City.Travel,2,3835,555,545,1,LON
2138,/search/MOW0107LON15071?t=SU17829483001783030500001490SVOISTLGW17841486001784227500001195LGWDLMVKO_b965f9054a3ca5d04136f632de211ba1_57088&search_date=22032026&expected_price_uuid=019d1541-8393-8030-e557-a4d2ce1863c7&static_fare_key=TY%7CP0%7CH0%7CL0%7CCH0%7CR0%7CTBC0&expected_price_source=share&expected_price_currency=eur&expected_price=595,SVO,LGW,2026-07-01T23:25:00+03:00,SU,LON,2026-07-15T20:50:00+01:00,MOW,595,Kupi.com,1,2685,555,535,1,LON
2138,/search/MOW0107LON15071?t=SU17829483001783008000001115SVOISTLTN17841486001784227500001195LGWDLMVKO_8f58ec08a405f06f3291682f002ab1ec_57088&search_date=22032026&expected_price_uuid=019d1541-8393-8030-e557-a4d2ce1863c7&static_fare_key=TY%7CP0%7CH0%7CL0%7CCH0%7CR0%7CTBC0&expected_price_source=share&expected_price_currency=eur&expected_price=595,SVO,LTN,2026-07-01T23:25:00+03:00,SU,LON,2026-07-15T20:50:00+01:00,MOW,595,Kupi.com,1,2310,560,535,1,LON
588,/search/MOW0107LON15071?t=VF17828823001782920100000750VKOESBSTN17841333001784174700000570STNESBVKO_c86d99392e065f1d3aa68b9a1825b7d3_64444&search_date=22032026&expected_price_uuid=019d1541-8393-8030-e557-a4d2ce1863c7&static_fare_key=TY%7CP1%7CH0%7CL0%7CCH1%7CR0%7CTBC0&expected_price_source=share&expected_price_currency=eur&expected_price=671,VKO,STN,2026-07-01T05:05:00+03:00,VF,LON,2026-07-15T16:35:00+01:00,MOW,672,Aviakassa,1,1320,520,495,1,LON
588,/search/MOW0107LON15071?t=VF17828823001782920100000750VKOESBSTN17841162001784177400000900STNSAWVKO_38281d6bbb58f4e00753c1046b5c4cae_64547&search_date=22032026&expected_price_uuid=019d1541-8393-8030-e557-a4d2ce1863c7&static_fare_key=TY%7CP1%7CH0%7CL0%7CCH1%7CR0%7CTBC0&expected_price_source=share&expected_price_currency=eur&expected_price=673,VKO,STN,2026-07-01T05:05:00+03:00,VF,LON,2026-07-15T11:50:00+01:00,MOW,673,Aviakassa,1,1650,520,480,1,LON
2170,/search/MOW0107LON15071?t=SU17828676001782921300001015SVOISTLTN17840970001784159100000915LHRWAWISTSVO_d152d7b1f3584642c656d80816634b3c_65745&search_date=22032026&expected_price_uuid=019d1541-8393-8030-e557-a4d2ce1863c7&static_fare_key=TY%7CP0%7CH0%7CL0%7CCH0%7CR0%7CTBC0&expected_price_source=share&expected_price_currency=eur&expected_price=685,SVO,LTN,2026-07-01T01:00:00+03:00,SU,LON,2026-07-15T06:30:00+01:00,MOW,685,City.Travel,2,1930,545,540,1,LON
783,/search/MOW0107LON15071?t=UT17829018001782955200001010VKOAYTLTN17840970001784159100000915LHRWAWISTSVO_12616d7b5f31938d35183750432248ca_66426&search_date=22032026&expected_price_uuid=019d1541-8393-8030-e557-a4d2ce1863c7&static_fare_key=TY%7CP0%7CH0%7CL0%7CCH0%7CR0%7CTBC0&expected_price_source=share&expected_price_currency=eur&expected_price=692,VKO,LTN,2026-07-01T10:30:00+03:00,UT,LON,2026-07-15T06:30:00+01:00,MOW,692,City.Travel,2,1925,590,540,1,LON
2170,/search/MOW0107LON15071?t=SU17828676001782921300001015SVOISTLTN17841333001784174700000570STNESBVKO_9608189d60f1583969c442311f28afec_66716&search_date=22032026&expected_price_uuid=019d1541-8393-8030-e557-a4d2ce1863c7&static_fare_key=TY%7CP1%7CH0%7CL0%7CCH0%7CR0%7CTBC0&expected_price_source=share&expected_price_currency=eur&expected_price=695,SVO,LTN,2026-07-01T01:00:00+03:00,SU,LON,2026-07-15T16:35:00+01:00,MOW,695,City.Travel,1,1585,545,495,1,LON
783,/search/MOW0107LON15071?t=UT17829018001782955200001010VKOAYTLTN17841333001784174700000570STNESBVKO_139ec5c7e58c22dc86a297c8d88be8dc_67397&search_date=22032026&expected_price_uuid=019d1541-8393-8030-e557-a4d2ce1863c7&static_fare_key=TY%7CP1%7CH0%7CL0%7CCH0%7CR0%7CTBC0&expected_price_source=share&expected_price_currency=eur&expected_price=702,VKO,LTN,2026-07-01T10:30:00+03:00,UT,LON,2026-07-15T16:35:00+01:00,MOW,702,City.Travel,1,1580,590,495,1,LON
2138,/search/MOW0107LON15071?t=SU17829483001783010400001155SVOISTSTN17840970001784159100000915LHRWAWISTSVO_271c27d020bca4f3c9c1063644ef4708_68805&search_date=22032026&expected_price_uuid=019d1541-8393-8030-e557-a4d2ce1863c7&static_fare_key=TY%7CP0%7CH1%7CL0%7CCH0%7CR0%7CTBC0&expected_price_source=share&expected_price_currency=eur&expected_price=717,SVO,STN,2026-07-01T23:25:00+03:00,SU,LON,2026-07-15T06:30:00+01:00,MOW,717,City.Travel,2,2070,555,540,1,LON
86,/search/MOW0107LON15071?t=DP17829180001783008000001620SVOISTLTN17841486001784227500001195LGWDLMVKO_89da0b69ce550079ca8eefa28d753c5b_68963&search_date=22032026&expected_price_uuid=019d1541-8393-8030-e557-a4d2ce1863c7&static_fare_key=TY%7CP0%7CH0%7CL1_1_10%7CCH0%7CR0%7CTBC1&expected_price_source=share&expected_price_currency=eur&expected_price=719,SVO,LTN,2026-07-01T15:00:00+03:00,2S,LON,2026-07-15T20:50:00+01:00,MOW,719,Kupi.com,1,2815,475,535,1,LON
276,/search/MOW0107LON15071?t=VF17828703001782903000000665VKOSAWSTN17841333001784174700000570STNESBVKO_af29d35d253da773f49564277fcd3ec4_69079&search_date=22032026&expected_price_uuid=019d1541-8393-8030-e557-a4d2ce1863c7&static_fare_key=TY%7CP1%7CH0%7CL0%7CCH1%7CR0%7CTBC0&expected_price_source=share&expected_price_currency=eur&expected_price=720,VKO,STN,2026-07-01T01:45:00+03:00,VF,LON,2026-07-15T16:35:00+01:00,MOW,720,Aviakassa,1,1235,500,495,1,LON
86,/search/MOW0107LON15071?t=DP17829180001783030500001995SVOISTLGW17841486001784227500001195LGWDLMVKO_33e884bc621d6e55ba1e01dec0f34534_69401&search_date=22032026&expected_price_uuid=019d1541-8393-8030-e557-a4d2ce1863c7&static_fare_key=TY%7CP0%7CH0%7CL1_1_10%7CCH0%7CR0%7CTBC1&expected_price_source=share&expected_price_currency=eur&expected_price=723,SVO,LGW,2026-07-01T15:00:00+03:00,2S,LON,2026-07-15T20:50:00+01:00,MOW,723,Kupi.com,1,3190,470,535,1,LON
2138,/search/MOW0107LON15071?t=SU17829483001783010400001155SVOISTSTN17841333001784174700000570STNESBVKO_b6d9a8cb0054a69f6fac79db4884f51c_69776&search_date=22032026&expected_price_uuid=019d1541-8393-8030-e557-a4d2ce1863c7&static_fare_key=TY%7CP1%7CH0%7CL0%7CCH0%7CR0%7CTBC0&expected_price_source=share&expected_price_currency=eur&expected_price=727,SVO,STN,2026-07-01T23:25:00+03:00,SU,LON,2026-07-15T16:35:00+01:00,MOW,727,City.Travel,1,1725,555,495,1,LON
588,/search/MOW0107LON15071?t=VF17828823001782920100000750VKOESBSTN17841333001784174700000570STNESBVKO_c86d99392e065f1d3aa68b9a1825b7d3_69815&search_date=22032026&expected_price_uuid=019d1541-8393-8030-e557-a4d2ce1863c7&static_fare_key=TY%7CP1%7CH1%7CL1_1_20%7CCH1%7CR0%7CTBC1&expected_price_source=share&expected_price_currency=eur&expected_price=727,VKO,STN,2026-07-01T05:05:00+03:00,VF,LON,2026-07-15T16:35:00+01:00,MOW,727,Aviakassa,1,1320,520,495,1,LON
2138,/search/MOW0107LON15071?t=SU17829483001783008000001115SVOISTLTN17841486001784227500001195LGWDLMVKO_8f58ec08a405f06f3291682f002ab1ec_69819&search_date=22032026&expected_price_uuid=019d1541-8393-8030-e557-a4d2ce1863c7&static_fare_key=TY%7CP0%7CH0%7CL1_1_10%7CCH0%7CR0%7CTBC1&expected_price_source=share&expected_price_currency=eur&expected_price=728,SVO,LTN,2026-07-01T23:25:00+03:00,SU,LON,2026-07-15T20:50:00+01:00,MOW,728,Kupi.com,1,2310,560,535,1,LON
588,/search/MOW0107LON15071?t=VF17828823001782920100000750VKOESBSTN17841162001784177400000900STNSAWVKO_38281d6bbb58f4e00753c1046b5c4cae_69919&search_date=22032026&expected_price_uuid=019d1541-8393-8030-e557-a4d2ce1863c7&static_fare_key=TY%7CP1%7CH1%7CL1_1_20%7CCH1%7CR0%7CTBC1&expected_price_source=share&expected_price_currency=eur&expected_price=729,VKO,STN,2026-07-01T05:05:00+03:00,VF,LON,2026-07-15T11:50:00+01:00,MOW,729,Aviakassa,1,1650,520,480,1,LON
2,/search/MOW0107LON15071?t=U217829117001782955200000845SVOAYTLTN17841333001784174700000570STNESBVKO_5b6f588e874621e474a6d0309de44232_71453&search_date=22032026&expected_price_uuid=019d1541-8393-8030-e557-a4d2ce1863c7&static_fare_key=TY%7CP0%7CH0%7CL0%7CCH0%7CR0%7CTBC0&expected_price_source=share&expected_price_currency=eur&expected_price=745,SVO,LTN,2026-07-01T13:15:00+03:00,2S,LON,2026-07-15T16:35:00+01:00,MOW,745,City.Travel,1,1415,535,495,1,LON
276,/search/MOW0107LON15071?t=VF17828703001782903000000665VKOSAWSTN17841333001784174700000570STNESBVKO_af29d35d253da773f49564277fcd3ec4_74451&search_date=22032026&expected_price_uuid=019d1541-8393-8030-e557-a4d2ce1863c7&static_fare_key=TY%7CP1%7CH1%7CL1_1_20%7CCH1%7CR0%7CTBC1&expected_price_source=share&expected_price_currency=eur&expected_price=776,VKO,STN,2026-07-01T01:45:00+03:00,VF,LON,2026-07-15T16:35:00+01:00,MOW,776,Aviakassa,1,1235,500,495,1,LON
3749,/search/MOW0107LON15071?t=S717828997001782941100000810DMEISTLHR17841339001784203200001035STNSAWISTSVO_e5ddb702abced7b5153908b1fe4720ae_74779&search_date=22032026&expected_price_uuid=019d1541-8393-8030-e557-a4d2ce1863c7&static_fare_key=TY%7CP1%7CH1%7CL0%7CCH0%7CR0%7CTBC0&expected_price_source=share&expected_price_currency=eur&expected_price=779,DME,LHR,2026-07-01T09:55:00+03:00,S7,LON,2026-07-15T16:45:00+01:00,MOW,779,SuperKassa,1,1845,555,495,1,LON
13,/search/MOW0107LON15071?t=GF17829108001782975300001195SVOBAHLHR17841120001784189700001175LGWBAHSVO_7079813a3c3773719667bd97c4515a8e_76257&search_date=22032026&expected_price_uuid=019d1541-8393-8030-e557-a4d2ce1863c7&static_fare_key=TY%7CP1%7CH1%7CL1_1_25%7CCH0%7CR0%7CTBC1&expected_price_source=share&expected_price_currency=eur&expected_price=795,SVO,LHR,2026-07-01T13:00:00+03:00,GF,LON,2026-07-15T10:40:00+01:00,MOW,795,OneTwoTrip,1,2370,800,780,1,LON
340,/search/MOW0107LON15071?t=QR17829255001782973500000920SVODOHLHR17841039001784211300001670LHRDOHSVO_ae5b98fd5baf9c2f3acc292ed1c21350_77815&search_date=22032026&expected_price_uuid=019d1541-8393-8030-e557-a4d2ce1863c7&static_fare_key=TY%7CP1%7CH1%7CL1_1_25%7CCH1%7CR1%7CTBC1&expected_price_source=share&expected_price_currency=eur&expected_price=811,SVO,LHR,2026-07-01T17:05:00+03:00,QR,LON,2026-07-15T08:25:00+01:00,MOW,811,SuperKassa,1,2590,760,730,1,LON
340,/search/MOW0107LON15071?t=QR17829255001782974400000935SVODOHLGW17841333001784174700000570STNESBVKO_e46871913641ff9ce97b55725461334a_80515&search_date=22032026&expected_price_uuid=019d1541-8393-8030-e557-a4d2ce1863c7&static_fare_key=TY%7CP1%7CH1%7CL0%7CCH0%7CR0%7CTBC0&expected_price_source=share&expected_price_currency=eur&expected_price=839,SVO,LGW,2026-07-01T17:05:00+03:00,QR,LON,2026-07-15T16:35:00+01:00,MOW,839,OneTwoTrip,1,1505,750,495,1,LON
340,/search/MOW0107LON15071?t=QR17829255001782973500000920SVODOHLHR17841315001784177400000645STNSAWVKO_b697747b0a5b73c24354cbfc8d81f312_83326&search_date=22032026&expected_price_uuid=019d1541-8393-8030-e557-a4d2ce1863c7&static_fare_key=TY%7CP1%7CH1%7CL1_1_20%7CCH0%7CR0%7CTBC1&expected_price_source=share&expected_price_currency=eur&expected_price=868,SVO,LHR,2026-07-01T17:05:00+03:00,QR,LON,2026-07-15T16:05:00+01:00,MOW,868,OneTwoTrip,1,1565,760,480,1,LON
810,/search/MOW0107LON15071?t=J217828676001782901500000685VKOGYDLGW17841147001784159940000634LGWGYDVKO_f18f8e29f26ccff41de41ed14bcf3b8b_86487&search_date=22032026&expected_price_uuid=019d1541-8393-8030-e557-a4d2ce1863c7&static_fare_key=TY%7CP1%7CH1%7CL0%7CCH0%7CR0%7CTBC0&expected_price_source=share&expected_price_currency=eur&expected_price=901,VKO,LGW,2026-07-01T01:00:00+03:00,J2,LON,2026-07-15T11:25:00+01:00,MOW,901,OneTwoTrip,1,1319,565,529,1,LON
810,/search/MOW0107LON15071?t=J217828676001782901500000685VKOGYDLGW17841147001784158800000615LGWGYDDME_5952afd29753879b8594bbb0bafc5d0d_86487&search_date=22032026&expected_price_uuid=019d1541-8393-8030-e557-a4d2ce1863c7&static_fare_key=TY%7CP1%7CH1%7CL0%7CCH0%7CR0%7CTBC0&expected_price_source=share&expected_price_currency=eur&expected_price=901,VKO,LGW,2026-07-01T01:00:00+03:00,J2,LON,2026-07-15T11:25:00+01:00,MOW,901,OneTwoTrip,1,1300,565,535,1,LON
186,/search/MOW0107LON15071?t=J217828664001782901500000705DMEGYDLGW17841147001784159940000634LGWGYDVKO_003cd7b154272824e2644aaba4514311_86637&search_date=22032026&expected_price_uuid=019d1541-8393-8030-e557-a4d2ce1863c7&static_fare_key=TY%7CP1%7CH1%7CL0%7CCH0%7CR0%7CTBC0&expected_price_source=share&expected_price_currency=eur&expected_price=903,DME,LGW,2026-07-01T00:40:00+03:00,J2,LON,2026-07-15T11:25:00+01:00,MOW,903,OneTwoTrip,1,1339,560,529,1,LON
186,/search/MOW0107LON15071?t=J217828664001782901500000705DMEGYDLGW17841147001784158800000615LGWGYDDME_2ab252cd87b00add162190860be00b0c_86637&search_date=22032026&expected_price_uuid=019d1541-8393-8030-e557-a4d2ce1863c7&static_fare_key=TY%7CP1%7CH1%7CL0%7CCH0%7CR0%7CTBC0&expected_price_source=share&expected_price_currency=eur&expected_price=903,DME,LGW,2026-07-01T00:40:00+03:00,J2,LON,2026-07-15T11:25:00+01:00,MOW,903,OneTwoTrip,1,1320,560,535,1,LON
810,/search/MOW0107LON15071?t=J217828676001782901500000685VKOGYDLGW17841147001784202000001335LGWGYDDME_666556ffb9070c9ff74ae70fdd32dd18_86715&search_date=22032026&expected_price_uuid=019d1541-8393-8030-e557-a4d2ce1863c7&static_fare_key=TY%7CP1%7CH1%7CL0%7CCH0%7CR0%7CTBC0&expected_price_source=share&expected_price_currency=eur&expected_price=904,VKO,LGW,2026-07-01T01:00:00+03:00,J2,LON,2026-07-15T11:25:00+01:00,MOW,904,Biletix,1,2020,565,535,1,LON
806,/search/MOW0107LON15071?t=J217829498001783026300001395VKOGYDLHR17841147001784159940000634LGWGYDVKO_0bcb1c02d7ecf43ce6f434acbed6cbc6_86715&search_date=22032026&expected_price_uuid=019d1541-8393-8030-e557-a4d2ce1863c7&static_fare_key=TY%7CP1%7CH1%7CL0%7CCH0%7CR0%7CTBC0&expected_price_source=share&expected_price_currency=eur&expected_price=904,VKO,LHR,2026-07-01T23:50:00+03:00,J2,LON,2026-07-15T11:25:00+01:00,MOW,904,Biletix,1,2029,565,529,1,LON
785,/search/MOW0107LCA15071?t=2S17829390001783040400001690VKOEVNLCA17841507001784215800001085LCAATHISTSVO_464ed1bd84edb12cd876495731aefaef_51521&search_date=17032026&expected_price_uuid=019cfb65-76f1-8030-edd8-d1a7704c5405&static_fare_key=TY%7CP0%7CH0%7CL0%7CCH0%7CR0%7CTBC0&expected_price_source=share&expected_price_currency=eur&expected_price=546,VKO,LCA,2026-07-01T20:50:00+03:00,UT,LCA,2026-07-15T21:25:00+03:00,MOW,546,Kupi.com,2,2775,350,425,1,LCA
785,/search/MOW0107LCA15071?t=UT17829390001783040400001690VKOEVNLCA17841309001784178900000800LCAEVNVKO_eb384b6c92a3fcb1d76be0c7ce1f78c8_51709&search_date=17032026&expected_price_uuid=019cfb65-76f1-8030-edd8-d1a7704c5405&static_fare_key=TY%7CP0%7CH0%7CL0%7CCH0%7CR0%7CTBC0&expected_price_source=share&expected_price_currency=eur&expected_price=548,VKO,LCA,2026-07-01T20:50:00+03:00,UT,LCA,2026-07-15T15:55:00+03:00,MOW,548,Aviakassa,1,2490,350,335,1,LCA
2633,/search/MOW0107LCA15071?t=2S17829432001782986400000720DMEEVNLCA17841507001784215800001085LCAATHISTSVO_78fae027d2e5f11a08dd6d8066d0fb21_55948&search_date=17032026&expected_price_uuid=019cfb65-76f1-8030-edd8-d1a7704c5405&static_fare_key=TY%7CP0%7CH0%7CL0%7CCH0%7CR0%7CTBC0&expected_price_source=share&expected_price_currency=eur&expected_price=592,DME,LCA,2026-07-01T22:00:00+03:00,U6,LCA,2026-07-15T21:25:00+03:00,MOW,592,Kupi.com,2,1805,325,425,1,LCA
785,/search/MOW0107LCA15071?t=UT17829390001783039800001680VKOEVNLCA17841132001784178900001095LCAEVNVKO_9e47432194636e82218e8f0eae111b07_56530&search_date=17032026&expected_price_uuid=019cfb65-76f1-8030-edd8-d1a7704c5405&static_fare_key=TY%7CP0%7CH0%7CL0%7CCH0%7CR0%7CTBC0&expected_price_source=share&expected_price_currency=eur&expected_price=599,VKO,LCA,2026-07-01T20:50:00+03:00,UT,LCA,2026-07-15T11:00:00+03:00,MOW,599,Aviakassa,1,2775,335,320,1,LCA
324,/search/MOW0107LCA15071?t=3F17828730001782900000000450VKOEVNLCA17841132001784136600000390LCAEVNVKO_16df1872364c548ad62786bf534321e6_57722&search_date=17032026&expected_price_uuid=019cfb65-76f1-8030-edd8-d1a7704c5405&static_fare_key=TY%7CP0%7CH0%7CL0%7CCH0%7CR0%7CTBC0&expected_price_source=share&expected_price_currency=eur&expected_price=611,VKO,LCA,2026-07-01T02:30:00+03:00,3F,LCA,2026-07-15T11:00:00+03:00,MOW,611,City.Travel,1,840,310,300,1,LCA
324,/search/MOW0107LCA15071?t=3F17828730001782900000000450VKOEVNLCA17840802001784103000000380LCAEVNDME_0e273f0324eb46d4746d3b72173a85b8_57722&search_date=17032026&expected_price_uuid=019cfb65-76f1-8030-edd8-d1a7704c5405&static_fare_key=TY%7CP0%7CH0%7CL0%7CCH0%7CR0%7CTBC0&expected_price_source=share&expected_price_currency=eur&expected_price=611,VKO,LCA,2026-07-01T02:30:00+03:00,3F,LCA,2026-07-15T01:50:00+03:00,MOW,611,City.Travel,1,830,310,290,1,LCA
314,/search/MOW0107LCA15071?t=3F17828712001782900000000480DMEEVNLCA17840802001784103000000380LCAEVNDME_24a8171a015cb5a7f5c2cc6ea8154925_57722&search_date=17032026&expected_price_uuid=019cfb65-76f1-8030-edd8-d1a7704c5405&static_fare_key=TY%7CP0%7CH0%7CL0%7CCH0%7CR0%7CTBC0&expected_price_source=share&expected_price_currency=eur&expected_price=611,DME,LCA,2026-07-01T02:00:00+03:00,3F,LCA,2026-07-15T01:50:00+03:00,MOW,611,City.Travel,1,860,310,290,1,LCA
314,/search/MOW0107LCA15071?t=3F17828712001782900000000480DMEEVNLCA17841132001784136600000390LCAEVNVKO_ed098f1bfbb8b9686c47d2fb1f16a28c_57722&search_date=17032026&expected_price_uuid=019cfb65-76f1-8030-edd8-d1a7704c5405&static_fare_key=TY%7CP0%7CH0%7CL0%7CCH0%7CR0%7CTBC0&expected_price_source=share&expected_price_currency=eur&expected_price=611,DME,LCA,2026-07-01T02:00:00+03:00,3F,LCA,2026-07-15T11:00:00+03:00,MOW,611,City.Travel,1,870,310,300,1,LCA
785,/search/MOW0107LCA15071?t=2S17829390001782986400000790VKOEVNLCA17841591001784215800000945LCABEYSAWISTSVO_55d3efec8a9e093622db3e2d2d93a284_57802&search_date=17032026&expected_price_uuid=019cfb65-76f1-8030-edd8-d1a7704c5405&static_fare_key=TY%7CP0%7CH0%7CL0%7CCH0%7CR0%7CTBC0&expected_price_source=share&expected_price_currency=eur&expected_price=612,VKO,LCA,2026-07-01T20:50:00+03:00,UT,LCA,2026-07-15T23:45:00+03:00,MOW,612,Kupi.com,2,1735,335,395,1,LCA
324,/search/MOW0107LCA15071?t=3F17828730001782900000000450VKOEVNLCA17841309001784157000000435LCAEVNDME_c544ecce7b1a7974d783113dd75534e2_59680&search_date=17032026&expected_price_uuid=019cfb65-76f1-8030-edd8-d1a7704c5405&static_fare_key=TY%7CP0%7CH0%7CL0%7CCH0%7CR0%7CTBC0&expected_price_source=share&expected_price_currency=eur&expected_price=632,VKO,LCA,2026-07-01T02:30:00+03:00,3F,LCA,2026-07-15T15:55:00+03:00,MOW,632,Kupi.com,1,885,310,315,1,LCA
314,/search/MOW0107LCA15071?t=3F17828712001782900000000480DMEEVNLCA17841309001784157000000435LCAEVNDME_768ec07190bc95a5d17f206e1b64c28d_59903&search_date=17032026&expected_price_uuid=019cfb65-76f1-8030-edd8-d1a7704c5405&static_fare_key=TY%7CP0%7CH0%7CL0%7CCH0%7CR0%7CTBC0&expected_price_source=share&expected_price_currency=eur&expected_price=634,DME,LCA,2026-07-01T02:00:00+03:00,3F,LCA,2026-07-15T15:55:00+03:00,MOW,634,Kupi.com,1,915,310,315,1,LCA
710,/search/MOW0107LCA15071?t=2S17828754001782919200000730SVOEVNLCA17841591001784215800000945LCABEYSAWISTSVO_ad1a18b4d56967e489a0614f539af288_60734&search_date=17032026&expected_price_uuid=019cfb65-76f1-8030-edd8-d1a7704c5405&static_fare_key=TY%7CP0%7CH0%7CL0%7CCH0%7CR0%7CTBC0&expected_price_source=share&expected_price_currency=eur&expected_price=643,SVO,LCA,2026-07-01T03:10:00+03:00,5G,LCA,2026-07-15T23:45:00+03:00,MOW,643,Kupi.com,2,1675,355,395,1,LCA
710,/search/MOW0107LCA15071?t=5G17828754001782919200000730SVOEVNLCA17841132001784136600000390LCAEVNVKO_ea60734552e9c0f445df1c6e07b38809_61428&search_date=17032026&expected_price_uuid=019cfb65-76f1-8030-edd8-d1a7704c5405&static_fare_key=TY%7CP0%7CH0%7CL0%7CCH0%7CR0%7CTBC0&expected_price_source=share&expected_price_currency=eur&expected_price=650,SVO,LCA,2026-07-01T03:10:00+03:00,5G,LCA,2026-07-15T11:00:00+03:00,MOW,650,Kupi.com,1,1120,355,300,1,LCA
314,/search/MOW0107LCA15071?t=2S17828712001782900000000480DMEEVNLCA17841507001784215800001085LCAATHISTSVO_a20d85c36b6667a23e9357af1a5e279f_62806&search_date=17032026&expected_price_uuid=019cfb65-76f1-8030-edd8-d1a7704c5405&static_fare_key=TY%7CP0%7CH0%7CL0%7CCH0%7CR0%7CTBC0&expected_price_source=share&expected_price_currency=eur&expected_price=665,DME,LCA,2026-07-01T02:00:00+03:00,3F,LCA,2026-07-15T21:25:00+03:00,MOW,665,Kupi.com,2,1565,310,425,1,LCA
2633,/search/MOW0107LCA15071?t=U617829432001782986400000720DMEEVNLCA17841387001784189400000845LCAATHEVNDME_b2a32526dc87a9b0243a7fec3bb85349_67203&search_date=17032026&expected_price_uuid=019cfb65-76f1-8030-edd8-d1a7704c5405&static_fare_key=TY%7CP0%7CH0%7CL0%7CCH0%7CR0%7CTBC0&expected_price_source=share&expected_price_currency=eur&expected_price=712,DME,LCA,2026-07-01T22:00:00+03:00,U6,LCA,2026-07-15T18:05:00+03:00,MOW,712,Kupi.com,2,1565,325,445,1,LCA
1860,/search/MOW0107LCA15071?t=SU17828931001782939000000765SVOEVNLCA17841132001784136600000390LCAEVNVKO_5378d3be26ad89748e176364ab3455f5_67830&search_date=17032026&expected_price_uuid=019cfb65-76f1-8030-edd8-d1a7704c5405&static_fare_key=TY%7CP0%7CH0%7CL0%7CCH0%7CR0%7CTBC0&expected_price_source=share&expected_price_currency=eur&expected_price=718,SVO,LCA,2026-07-01T08:05:00+03:00,SU,LCA,2026-07-15T11:00:00+03:00,MOW,718,City.Travel,1,1155,365,300,1,LCA
340,/search/MOW0107LCA15071?t=QR17829255001782993900001140SVODOHLCA17841225001784211300001480LCADOHSVO_f9278690d7b2b97b2834df221d58b829_70293&search_date=17032026&expected_price_uuid=019cfb65-76f1-8030-edd8-d1a7704c5405&static_fare_key=TY%7CP0%7CH1%7CL1_1_25%7CCH1%7CR1%7CTBC1&expected_price_source=share&expected_price_currency=eur&expected_price=744,SVO,LCA,2026-07-01T17:05:00+03:00,QR,LCA,2026-07-15T13:35:00+03:00,MOW,744,MEGO.travel,1,2620,525,525,1,LCA
710,/search/MOW0107LCA15071?t=5G17828754001782939000001060SVOEVNLCA17840754001784106000000510LCAEVNVKO_8cef8a193c285f96ed67da390459e511_70468&search_date=17032026&expected_price_uuid=019cfb65-76f1-8030-edd8-d1a7704c5405&static_fare_key=TY%7CP0%7CH0%7CL1_1_10%7CCH0%7CR0%7CTBC1&expected_price_source=share&expected_price_currency=eur&expected_price=746,SVO,LCA,2026-07-01T03:10:00+03:00,5G,LCA,2026-07-15T00:30:00+03:00,MOW,746,Kupi.com,1,1570,355,305,1,LCA
2633,/search/MOW0107LCA15071?t=U617829432001782986400000720DMEEVNLCA17840754001784106000000510LCAEVNVKO_2eb0683ae72904073dfb3137d7a9f36a_72708&search_date=17032026&expected_price_uuid=019cfb65-76f1-8030-edd8-d1a7704c5405&static_fare_key=TY%7CP0%7CH0%7CL1_1_10%7CCH0%7CR0%7CTBC1&expected_price_source=share&expected_price_currency=eur&expected_price=770,DME,LCA,2026-07-01T22:00:00+03:00,U6,LCA,2026-07-15T00:30:00+03:00,MOW,770,Kupi.com,1,1230,325,305,1,LCA
2633,/search/MOW0107LCA15071?t=U617829432001783040400001620DMEEVNLCA17840802001784103000000380LCAEVNDME_b8cf13b3a7a062b0f07f2298e09189c6_72806&search_date=17032026&expected_price_uuid=019cfb65-76f1-8030-edd8-d1a7704c5405&static_fare_key=TY%7CP0%7CH0%7CL1_1_10%7CCH0%7CR0%7CTBC1&expected_price_source=share&expected_price_currency=eur&expected_price=771,DME,LCA,2026-07-01T22:00:00+03:00,U6,LCA,2026-07-15T01:50:00+03:00,MOW,771,Kupi.com,1,2000,340,290,1,LCA
2633,/search/MOW0107LCA15071?t=2S17829432001782986400000720DMEEVNLCA17841591001784215800000945LCABEYSAWISTSVO_5a9184bf651a65e9c3a7bb8da6f782c1_74819&search_date=17032026&expected_price_uuid=019cfb65-76f1-8030-edd8-d1a7704c5405&static_fare_key=TY%7CP0%7CH0%7CL1_1_10%7CCH0%7CR0%7CTBC1&expected_price_source=share&expected_price_currency=eur&expected_price=792,DME,LCA,2026-07-01T22:00:00+03:00,U6,LCA,2026-07-15T23:45:00+03:00,MOW,792,Kupi.com,2,1665,325,395,1,LCA
559,/search/MOW0107LCA15071?t=WZ17828946001782929400000580ZIATBSLCA17841132001784136600000390LCAEVNVKO_452ddcdc6f9ac91907e7cfa380484bbf_75375&search_date=17032026&expected_price_uuid=019cfb65-76f1-8030-edd8-d1a7704c5405&static_fare_key=TY%7CP0%7CH0%7CL0%7CCH0%7CR0%7CTBC0&expected_price_source=share&expected_price_currency=eur&expected_price=798,ZIA,LCA,2026-07-01T08:30:00+03:00,WZ,LCA,2026-07-15T11:00:00+03:00,MOW,798,Kupi.com,1,970,325,300,1,LCA
314,/search/MOW0107LCA15071?t=3F17828712001782900000000480DMEEVNLCA17840802001784103000000380LCAEVNDME_24a8171a015cb5a7f5c2cc6ea8154925_75417&search_date=17032026&expected_price_uuid=019cfb65-76f1-8030-edd8-d1a7704c5405&static_fare_key=TY%7CP0%7CH0%7CL1_1_20%7CCH0%7CR0%7CTBC1&expected_price_source=share&expected_price_currency=eur&expected_price=799,DME,LCA,2026-07-01T02:00:00+03:00,3F,LCA,2026-07-15T01:50:00+03:00,MOW,799,Kupi.com,1,860,310,290,1,LCA
314,/search/MOW0107LCA15071?t=3F17828712001782900000000480DMEEVNLCA17841132001784139000000430LCAEVNDME_4bfe80ec967c9495c68b94df8c88c11b_75417&search_date=17032026&expected_price_uuid=019cfb65-76f1-8030-edd8-d1a7704c5405&static_fare_key=TY%7CP0%7CH0%7CL1_1_20%7CCH0%7CR0%7CTBC1&expected_price_source=share&expected_price_currency=eur&expected_price=799,DME,LCA,2026-07-01T02:00:00+03:00,3F,LCA,2026-07-15T11:00:00+03:00,MOW,799,Kupi.com,1,910,310,290,1,LCA
710,/search/MOW0107LCA15071?t=5G17828754001782919200000730SVOEVNLCA17841132001784139000000430LCAEVNDME_01ca27c38c5e2f4fe507ce037644eab9_77083&search_date=17032026&expected_price_uuid=019cfb65-76f1-8030-edd8-d1a7704c5405&static_fare_key=TY%7CP0%7CH0%7CL1_1_10%7CCH0%7CR0%7CTBC1&expected_price_source=share&expected_price_currency=eur&expected_price=816,SVO,LCA,2026-07-01T03:10:00+03:00,5G,LCA,2026-07-15T11:00:00+03:00,MOW,816,Kupi.com,1,1160,355,290,1,LCA
710,/search/MOW0107LCA15071?t=2S17828754001782919200000730SVOEVNLCA17841591001784215800000945LCABEYSAWISTSVO_ad1a18b4d56967e489a0614f539af288_78108&search_date=17032026&expected_price_uuid=019cfb65-76f1-8030-edd8-d1a7704c5405&static_fare_key=TY%7CP0%7CH0%7CL1_1_10%7CCH0%7CR0%7CTBC1&expected_price_source=share&expected_price_currency=eur&expected_price=827,SVO,LCA,2026-07-01T03:10:00+03:00,5G,LCA,2026-07-15T23:45:00+03:00,MOW,827,Kupi.com,2,1675,355,395,1,LCA
326,/search/MOW0107LCA15071?t=3F17829306001782953400000380VKOEVNLCA17841132001784139000000430LCAEVNDME_7051d830df22c2e8567a28e6c31359b1_79908&search_date=17032026&expected_price_uuid=019cfb65-76f1-8030-edd8-d1a7704c5405&static_fare_key=TY%7CP0%7CH0%7CL1_1_20%7CCH0%7CR0%7CTBC1&expected_price_source=share&expected_price_currency=eur&expected_price=846,VKO,LCA,2026-07-01T18:30:00+03:00,3F,LCA,2026-07-15T11:00:00+03:00,MOW,846,MEGO.travel,1,810,310,290,1,LCA
314,/search/MOW0107LCA15071?t=2S17828712001782900000000480DMEEVNLCA17841507001784215800001085LCAATHISTSVO_a20d85c36b6667a23e9357af1a5e279f_80920&search_date=17032026&expected_price_uuid=019cfb65-76f1-8030-edd8-d1a7704c5405&static_fare_key=TY%7CP0%7CH0%7CL1_1_5%7CCH0%7CR0%7CTBC1&expected_price_source=share&expected_price_currency=eur&expected_price=857,DME,LCA,2026-07-01T02:00:00+03:00,3F,LCA,2026-07-15T21:25:00+03:00,MOW,857,Kupi.com,2,1565,310,425,1,LCA
314,/search/MOW0107LCA15071?t=3F17828712001782900000000480DMEEVNLCA17841309001784157000000435LCAEVNDME_768ec07190bc95a5d17f206e1b64c28d_81869&search_date=17032026&expected_price_uuid=019cfb65-76f1-8030-edd8-d1a7704c5405&static_fare_key=TY%7CP0%7CH0%7CL1_1_10%7CCH0%7CR0%7CTBC1&expected_price_source=share&expected_price_currency=eur&expected_price=867,DME,LCA,2026-07-01T02:00:00+03:00,3F,LCA,2026-07-15T15:55:00+03:00,MOW,867,Kupi.com,1,915,310,315,1,LCA
2633,/search/MOW0107LCA15071?t=U617829432001782986400000720DMEEVNLCA17841387001784189400000845LCAATHEVNDME_b2a32526dc87a9b0243a7fec3bb85349_85203&search_date=17032026&expected_price_uuid=019cfb65-76f1-8030-edd8-d1a7704c5405&static_fare_key=TY%7CP0%7CH0%7CL1_1_10%7CCH0%7CR0%7CTBC1&expected_price_source=share&expected_price_currency=eur&expected_price=902,DME,LCA,2026-07-01T22:00:00+03:00,U6,LCA,2026-07-15T18:05:00+03:00,MOW,902,Kupi.com,2,1565,325,445,1,LCA
785,/search/MOW0107ROM15071?t=SU17829390001783004400001150VKOEVNFCO17841492001784203200000840FCOBEGISTSVO_256f398470357e91ef935debbdf0cbe9_52127&search_date=21032026&expected_price_uuid=019d1018-ca74-8030-2573-be3fd9e57606&static_fare_key=TY%7CP1%7CH0%7CL0%7CCH0%7CR0%7CTBC0&expected_price_source=share&expected_price_currency=eur&expected_price=535,VKO,FCO,2026-07-01T20:50:00+03:00,UT,ROM,2026-07-15T21:00:00+02:00,MOW,535,Aviakassa,2,1990,475,470,1,ROM
785,/search/MOW0107ROM15071?t=DP17829390001783004400001150VKOEVNFCO17841492001784235000001370FCOBEGISTVKO_4f9ac918d519cef97c48f2ca55b3df1c_52359&search_date=21032026&expected_price_uuid=019d1018-ca74-8030-2573-be3fd9e57606&static_fare_key=TY%7CP0%7CH0%7CL0%7CCH0%7CR0%7CTBC0&expected_price_source=share&expected_price_currency=eur&expected_price=537,VKO,FCO,2026-07-01T20:50:00+03:00,UT,ROM,2026-07-15T21:00:00+02:00,MOW,537,Aviakassa,2,2520,475,480,1,ROM
316,/search/MOW0107ROM15071?t=3F17829342001783023000001540DMEEVNFCO17841498001784243400001500FCOEVNDME_9171cd35b46587b66e566bf46e84c598_61902&search_date=21032026&expected_price_uuid=019d1018-ca74-8030-2573-be3fd9e57606&static_fare_key=TY%7CP1%7CH0%7CL0%7CCH0%7CR0%7CTBC0&expected_price_source=share&expected_price_currency=eur&expected_price=635,DME,FCO,2026-07-01T19:30:00+03:00,3F,ROM,2026-07-15T21:10:00+02:00,MOW,635,FlyOne,1,3040,460,450,1,ROM
316,/search/MOW0107ROM15071?t=3F17829342001783023000001540DMEEVNFCO17841498001784251800001640FCOEVNVKO_5202e70a0c7696479b1a48dcf2e59512_62908&search_date=21032026&expected_price_uuid=019d1018-ca74-8030-2573-be3fd9e57606&static_fare_key=TY%7CP1%7CH0%7CL0%7CCH0%7CR0%7CTBC0&expected_price_source=share&expected_price_currency=eur&expected_price=645,DME,FCO,2026-07-01T19:30:00+03:00,3F,ROM,2026-07-15T21:10:00+02:00,MOW,645,FlyOne,1,3180,460,450,1,ROM
312,/search/MOW0107ROM15071?t=3F17828970001782936600000720DMEEVNFCO17841498001784189400000600FCOEVNDME_89cc0972290c63da9c609a8ea3982de7_68042&search_date=21032026&expected_price_uuid=019d1018-ca74-8030-2573-be3fd9e57606&static_fare_key=TY%7CP1%7CH0%7CL0%7CCH0%7CR0%7CTBC0&expected_price_source=share&expected_price_currency=eur&expected_price=698,DME,FCO,2026-07-01T09:10:00+03:00,3F,ROM,2026-07-15T21:10:00+02:00,MOW,698,FlyOne,1,1320,480,440,1,ROM
322,/search/MOW0107ROM15071?t=3F17829000001782936600000670VKOEVNFCO17841498001784189400000600FCOEVNDME_beec79e2f40e3c2925f25d108e175306_68042&search_date=21032026&expected_price_uuid=019d1018-ca74-8030-2573-be3fd9e57606&static_fare_key=TY%7CP1%7CH0%7CL0%7CCH0%7CR0%7CTBC0&expected_price_source=share&expected_price_currency=eur&expected_price=698,VKO,FCO,2026-07-01T10:00:00+03:00,3F,ROM,2026-07-15T21:10:00+02:00,MOW,698,FlyOne,1,1270,470,440,1,ROM
2633,/search/MOW0107ROM15071?t=W417829432001783004400001080DMEEVNFCO17841492001784245500001545FCOBEGISTSVO_c3f4003e6ee32e5a90fe60f394ffe674_68104&search_date=21032026&expected_price_uuid=019d1018-ca74-8030-2573-be3fd9e57606&static_fare_key=TY%7CP0%7CH0%7CL1_1_10%7CCH0%7CR0%7CTBC1&expected_price_source=share&expected_price_currency=eur&expected_price=699,DME,FCO,2026-07-01T22:00:00+03:00,U6,ROM,2026-07-15T21:00:00+02:00,MOW,699,City.Travel,2,2625,465,430,1,ROM
785,/search/MOW0107ROM15071?t=DP17829390001782994500000985VKOEVNBTSFCO17841492001784235000001370FCOBEGISTVKO_d1c06bfe933b37401bf4cbd8fc0b4beb_73122&search_date=21032026&expected_price_uuid=019d1018-ca74-8030-2573-be3fd9e57606&static_fare_key=TY%7CP0%7CH0%7CL1_1_10%7CCH0%7CR0%7CTBC1&expected_price_source=share&expected_price_currency=eur&expected_price=750,VKO,FCO,2026-07-01T20:50:00+03:00,UT,ROM,2026-07-15T21:00:00+02:00,MOW,750,Kupi.com,2,2355,545,480,2,ROM
322,/search/MOW0107ROM15071?t=3F17829000001782936600000670VKOEVNFCO17840958001784136600000620FCOEVNVKO_8bab79fa8bb4a56fb82e80e929f29221_73663&search_date=21032026&expected_price_uuid=019d1018-ca74-8030-2573-be3fd9e57606&static_fare_key=TY%7CP1%7CH0%7CL0%7CCH0%7CR0%7CTBC0&expected_price_source=share&expected_price_currency=eur&expected_price=756,VKO,FCO,2026-07-01T10:00:00+03:00,3F,ROM,2026-07-15T06:10:00+02:00,MOW,756,Kupi.com,1,1290,470,430,1,ROM
322,/search/MOW0107ROM15071?t=3F17829000001782936600000670VKOEVNFCO17840958001784139000000660FCOEVNDME_bdd6d239bd7f883e747b715740c1f71a_73663&search_date=21032026&expected_price_uuid=019d1018-ca74-8030-2573-be3fd9e57606&static_fare_key=TY%7CP1%7CH0%7CL0%7CCH0%7CR0%7CTBC0&expected_price_source=share&expected_price_currency=eur&expected_price=756,VKO,FCO,2026-07-01T10:00:00+03:00,3F,ROM,2026-07-15T06:10:00+02:00,MOW,756,Kupi.com,1,1330,470,420,1,ROM
340,/search/MOW0107ROM15071?t=QR17829255001782977100000920SVODOHFCO17841543001784211300000890FCODOHSVO_9cb4e474351398e237bc7c6849ade4dd_74653&search_date=21032026&expected_price_uuid=019d1018-ca74-8030-2573-be3fd9e57606&static_fare_key=TY%7CP1%7CH1%7CL1_1_25%7CCH0%7CR0%7CTBC1&expected_price_source=share&expected_price_currency=eur&expected_price=766,SVO,FCO,2026-07-01T17:05:00+03:00,QR,ROM,2026-07-15T22:25:00+02:00,MOW,766,OneTwoTrip,1,1810,685,650,1,ROM
3749,/search/MOW0107ROM15071?t=S717828997001782993000001615DMEISTMUCFCO17840991001784148600000765FCOISTDME_925c33229d83543e2568e6d2d477d804_84001&search_date=21032026&expected_price_uuid=019d1018-ca74-8030-2573-be3fd9e57606&static_fare_key=TY%7CP1%7CH1%7CL1_1_0%7CCH1%7CR0%7CTBC1&expected_price_source=share&expected_price_currency=eur&expected_price=862,DME,FCO,2026-07-01T09:55:00+03:00,S7,ROM,2026-07-15T07:05:00+02:00,MOW,862,Авиасейлс,1,2380,575,440,2,ROM
316,/search/MOW0107ROM15071?t=3F17829342001783023000001540DMEEVNFCO17841498001784251800001640FCOEVNVKO_5202e70a0c7696479b1a48dcf2e59512_85053&search_date=21032026&expected_price_uuid=019d1018-ca74-8030-2573-be3fd9e57606&static_fare_key=TY%7CP1%7CH0%7CL1_1_20%7CCH0%7CR0%7CTBC1&expected_price_source=share&expected_price_currency=eur&expected_price=873,DME,FCO,2026-07-01T19:30:00+03:00,3F,ROM,2026-07-15T21:10:00+02:00,MOW,873,Авиасейлс,1,3180,460,450,1,ROM
322,/search/MOW0107ROM15071?t=3F17829000001782936600000670VKOEVNFCO17841498001784189400000600FCOEVNDME_beec79e2f40e3c2925f25d108e175306_90013&search_date=21032026&expected_price_uuid=019d1018-ca74-8030-2573-be3fd9e57606&static_fare_key=TY%7CP1%7CH0%7CL1_1_20%7CCH0%7CR0%7CTBC1&expected_price_source=share&expected_price_currency=eur&expected_price=924,VKO,FCO,2026-07-01T10:00:00+03:00,3F,ROM,2026-07-15T21:10:00+02:00,MOW,924,Авиасейлс,1,1270,470,440,1,ROM
86,/search/MOW0107ROM15071?t=W417829180001782948900000575SVOISTFCO17840958001784136600000620FCOEVNVKO_6dbe84712bb82a6742b5eea8ab8ce0c6_91064&search_date=21032026&expected_price_uuid=019d1018-ca74-8030-2573-be3fd9e57606&static_fare_key=TY%7CP0%7CH0%7CL1_1_5%7CCH0%7CR0%7CTBC1&expected_price_source=share&expected_price_currency=eur&expected_price=934,SVO,FCO,2026-07-01T15:00:00+03:00,2S,ROM,2026-07-15T06:10:00+02:00,MOW,934,Kupi.com,1,1195,390,430,1,ROM
322,/search/MOW0107ROM15071?t=3F17829000001782936600000670VKOEVNFCO17841288001784165400000550FCOTBSVKO_a50855766828bd3152833af15011df83_92653&search_date=21032026&expected_price_uuid=019d1018-ca74-8030-2573-be3fd9e57606&static_fare_key=TY%7CP1%7CH0%7CL0%7CCH0%7CR0%7CTBC0&expected_price_source=share&expected_price_currency=eur&expected_price=951,VKO,FCO,2026-07-01T10:00:00+03:00,3F,ROM,2026-07-15T15:20:00+02:00,MOW,951,Kupi.com,1,1220,470,410,1,ROM
312,/search/MOW0107ROM15071?t=3F17828970001782936600000720DMEEVNFCO17841288001784165400000550FCOTBSVKO_4f96be8ff6d0fa606295f938f126af7a_93454&search_date=21032026&expected_price_uuid=019d1018-ca74-8030-2573-be3fd9e57606&static_fare_key=TY%7CP1%7CH0%7CL0%7CCH0%7CR0%7CTBC0&expected_price_source=share&expected_price_currency=eur&expected_price=959,DME,FCO,2026-07-01T09:10:00+03:00,3F,ROM,2026-07-15T15:20:00+02:00,MOW,959,Kupi.com,1,1270,480,410,1,ROM
322,/search/MOW0107ROM15071?t=3F17829000001782936600000670VKOEVNFCO17840958001784136600000620FCOEVNVKO_8bab79fa8bb4a56fb82e80e929f29221_97431&search_date=21032026&expected_price_uuid=019d1018-ca74-8030-2573-be3fd9e57606&static_fare_key=TY%7CP1%7CH0%7CL1_1_10%7CCH0%7CR0%7CTBC1&expected_price_source=share&expected_price_currency=eur&expected_price=1000,VKO,FCO,2026-07-01T10:00:00+03:00,3F,ROM,2026-07-15T06:10:00+02:00,MOW,1000,Kupi.com,1,1290,470,430,1,ROM
312,/search/MOW0107ROM15071?t=AT17828970001782936600000720DMEEVNFCO17841372001784183700000715FCOCMNSVO_462222ff55da858cecec1290a822d15e_102710&search_date=21032026&expected_price_uuid=019d1018-ca74-8030-2573-be3fd9e57606&static_fare_key=TY%7CP1%7CH0%7CL1_1_20%7CCH0%7CR0%7CTBC1&expected_price_source=share&expected_price_currency=eur&expected_price=1054,DME,FCO,2026-07-01T09:10:00+03:00,3F,ROM,2026-07-15T17:40:00+02:00,MOW,1054,Авиасейлс,1,1435,480,565,1,ROM
322,/search/MOW0107ROM15071?t=3F17829000001782936600000670VKOEVNFCO17841288001784165400000550FCOTBSVKO_a50855766828bd3152833af15011df83_103049&search_date=21032026&expected_price_uuid=019d1018-ca74-8030-2573-be3fd9e57606&static_fare_key=TY%7CP1%7CH0%7CL1_1_20%7CCH0%7CR0%7CTBC1&expected_price_source=share&expected_price_currency=eur&expected_price=1057,VKO,FCO,2026-07-01T10:00:00+03:00,3F,ROM,2026-07-15T15:20:00+02:00,MOW,1057,Авиасейлс,1,1220,470,410,1,ROM
3749,/search/MOW0107PAR15071?t=S717828997001782984600001475DMEISTORY17841525001784235000001315ORYISTDME_c29812641fe70805c6b03f97c5dcb64d_52422&search_date=20032026&expected_price_uuid=019d092d-95ab-8030-667d-aef143dfb32a&static_fare_key=TY%7CP1%7CH0%7CL0%7CCH0%7CR0%7CTBC0&expected_price_source=share&expected_price_currency=eur&expected_price=526,DME,ORY,2026-07-01T09:55:00+03:00,S7,PAR,2026-07-15T21:55:00+02:00,MOW,526,Aviakassa,1,2790,540,500,1,PAR
2138,/search/MOW0107PAR15071?t=SU17829483001782984600000665SVOISTORY17841525001784190600000575ORYISTSVO_c5257e68f41cd2e3c75e0abbace4ab7b_52645&search_date=20032026&expected_price_uuid=019d092d-95ab-8030-667d-aef143dfb32a&static_fare_key=TY%7CP1%7CH0%7CL0%7CCH0%7CR0%7CTBC0&expected_price_source=share&expected_price_currency=eur&expected_price=528,SVO,ORY,2026-07-01T23:25:00+03:00,SU,PAR,2026-07-15T21:55:00+02:00,MOW,528,Aviakassa,1,1240,535,490,1,PAR
2138,/search/MOW0107PAR15071?t=SU17829483001782984600000665SVOISTORY17841525001784235000001315ORYISTDME_74c280626830439735c69e28bc322d5d_54683&search_date=20032026&expected_price_uuid=019d092d-95ab-8030-667d-aef143dfb32a&static_fare_key=TY%7CP1%7CH0%7CL0%7CCH0%7CR0%7CTBC0&expected_price_source=share&expected_price_currency=eur&expected_price=549,SVO,ORY,2026-07-01T23:25:00+03:00,SU,PAR,2026-07-15T21:55:00+02:00,MOW,549,Kupi.com,1,1980,535,500,1,PAR
2138,/search/MOW0107PAR15071?t=SU17829483001782992100000790SVOISTSAWCDG17841525001784190600000575ORYISTSVO_fc25ac64ee115408cd1c5c783f1babf2_56847&search_date=20032026&expected_price_uuid=019d092d-95ab-8030-667d-aef143dfb32a&static_fare_key=TY%7CP1%7CH0%7CL0%7CCH0%7CR0%7CTBC0&expected_price_source=share&expected_price_currency=eur&expected_price=570,SVO,CDG,2026-07-01T23:25:00+03:00,SU,PAR,2026-07-15T21:55:00+02:00,MOW,570,Aviakassa,1,1365,545,490,1,PAR
785,/search/MOW0107PAR15071?t=W617829390001783014600001320VKOEVNBVA17841525001784245500001490ORYISTSVO_8758f36d5f196e4877cb563db4b17443_57085&search_date=20032026&expected_price_uuid=019d092d-95ab-8030-667d-aef143dfb32a&static_fare_key=TY%7CP0%7CH0%7CL0%7CCH0%7CR0%7CTBC0&expected_price_source=share&expected_price_currency=eur&expected_price=573,VKO,BVA,2026-07-01T20:50:00+03:00,UT,PAR,2026-07-15T21:55:00+02:00,MOW,573,City.Travel,1,2810,545,450,1,PAR
13,/search/MOW0107PAR15071?t=GF17829108001782978900001195SVOBAHCDG17841144001784189700001195CDGBAHSVO_a8f3054e8367267bb19bee6563fb8036_58160&search_date=20032026&expected_price_uuid=019d092d-95ab-8030-667d-aef143dfb32a&static_fare_key=TY%7CP1%7CH1%7CL1_1_25%7CCH1%7CR1%7CTBC1&expected_price_source=share&expected_price_currency=eur&expected_price=583,SVO,CDG,2026-07-01T13:00:00+03:00,GF,PAR,2026-07-15T11:20:00+02:00,MOW,583,Авиасейлс,1,2390,825,805,1,PAR
785,/search/MOW0107PAR15071?t=W617829390001783014600001320VKOEVNBVA17841042001784157000000820ORYEVNDME_ba887c82b936f7ec10c6344ab85e79d8_64082&search_date=20032026&expected_price_uuid=019d092d-95ab-8030-667d-aef143dfb32a&static_fare_key=TY%7CP1%7CH0%7CL0%7CCH0%7CR0%7CTBC0&expected_price_source=share&expected_price_currency=eur&expected_price=643,VKO,BVA,2026-07-01T20:50:00+03:00,UT,PAR,2026-07-15T08:30:00+02:00,MOW,643,City.Travel,1,2140,545,480,1,PAR
2138,/search/MOW0107PAR15071?t=SU17829483001783021200001275SVOISTKRKORY17840991001784175000001205CDGWAWISTSVO_38028cd5697ee8fd56cdcc5ff801713e_64252&search_date=20032026&expected_price_uuid=019d092d-95ab-8030-667d-aef143dfb32a&static_fare_key=TY%7CP1%7CH1%7CL0%7CCH1%7CR0%7CTBC0&expected_price_source=share&expected_price_currency=eur&expected_price=645,SVO,ORY,2026-07-01T23:25:00+03:00,SU,PAR,2026-07-15T07:05:00+02:00,MOW,645,Авиасейлс,2,2480,595,575,2,PAR
2138,/search/MOW0107PAR15071?t=SU17829483001783018200001225SVOISTWAWCDG17840991001784175000001205CDGWAWISTSVO_94e09724d175a0d2e493318d642c06df_65114&search_date=20032026&expected_price_uuid=019d092d-95ab-8030-667d-aef143dfb32a&static_fare_key=TY%7CP1%7CH1%7CL0%7CCH1%7CR0%7CTBC0&expected_price_source=share&expected_price_currency=eur&expected_price=653,SVO,CDG,2026-07-01T23:25:00+03:00,SU,PAR,2026-07-15T07:05:00+02:00,MOW,653,Авиасейлс,2,2430,610,575,2,PAR
3749,/search/MOW0107PAR15071?t=S717828997001782945900000830DMEISTWAWCDG17841477001784245500001570CDGBEGISTSVO_678777161864c847f67c0c89156fcead_65221&search_date=20032026&expected_price_uuid=019d092d-95ab-8030-667d-aef143dfb32a&static_fare_key=TY%7CP0%7CH1%7CL0%7CCH0%7CR0%7CTBC0&expected_price_source=share&expected_price_currency=eur&expected_price=654,DME,CDG,2026-07-01T09:55:00+03:00,S7,PAR,2026-07-15T20:35:00+02:00,MOW,654,SuperKassa,2,2400,615,480,2,PAR
3749,/search/MOW0107PAR15071?t=S717828997001782945900000830DMEISTWAWCDG17841477001784245500001570ORYKRKISTSVO_365e27af36ef07b8d483ca4e3e1a9142_65677&search_date=20032026&expected_price_uuid=019d092d-95ab-8030-667d-aef143dfb32a&static_fare_key=TY%7CP0%7CH1%7CL0%7CCH0%7CR0%7CTBC0&expected_price_source=share&expected_price_currency=eur&expected_price=659,DME,CDG,2026-07-01T09:55:00+03:00,S7,PAR,2026-07-15T20:35:00+02:00,MOW,659,SuperKassa,2,2400,615,515,2,PAR
3749,/search/MOW0107PAR15071?t=S717828997001782945900000830DMEISTWAWCDG17841477001784235000001395ORYKRKISTVKO_ab84cbe0b75a94fc62345ec19a65877e_66367&search_date=20032026&expected_price_uuid=019d092d-95ab-8030-667d-aef143dfb32a&static_fare_key=TY%7CP0%7CH1%7CL0%7CCH0%7CR0%7CTBC0&expected_price_source=share&expected_price_currency=eur&expected_price=666,DME,CDG,2026-07-01T09:55:00+03:00,S7,PAR,2026-07-15T20:35:00+02:00,MOW,666,SuperKassa,2,2225,615,565,2,PAR
2172,/search/MOW0107PAR15071?t=SU17828904001782935100000805SVOISTBEGCDG17841477001784245500001570CDGBEGISTSVO_7205949194c3059cfe6c0101825a975f_67064&search_date=20032026&expected_price_uuid=019d092d-95ab-8030-667d-aef143dfb32a&static_fare_key=TY%7CP0%7CH1%7CL0%7CCH0%7CR0%7CTBC0&expected_price_source=share&expected_price_currency=eur&expected_price=673,SVO,CDG,2026-07-01T07:20:00+03:00,SU,PAR,2026-07-15T20:35:00+02:00,MOW,673,SuperKassa,2,2375,560,480,2,PAR
316,/search/MOW0107PAR15071?t=W617829342001783014600001400DMEEVNBVA17841042001784157000000820ORYEVNDME_180ef031df5296e7601d9ecaa98816b6_67963&search_date=20032026&expected_price_uuid=019d092d-95ab-8030-667d-aef143dfb32a&static_fare_key=TY%7CP1%7CH0%7CL0%7CCH0%7CR0%7CTBC0&expected_price_source=share&expected_price_currency=eur&expected_price=682,DME,BVA,2026-07-01T19:30:00+03:00,3F,PAR,2026-07-15T08:30:00+02:00,MOW,682,City.Travel,1,2220,510,480,1,PAR
559,/search/MOW0107PAR15071?t=TO17828946001782943200000870ZIATBSORY17841042001784153400000760ORYEVNSVO_4f569a80fe61d208d17e03513d398aea_68315&search_date=20032026&expected_price_uuid=019d092d-95ab-8030-667d-aef143dfb32a&static_fare_key=TY%7CP1%7CH0%7CL0%7CCH1%7CR0%7CTBC0&expected_price_source=share&expected_price_currency=eur&expected_price=685,ZIA,ORY,2026-07-01T08:30:00+03:00,WZ,PAR,2026-07-15T08:30:00+02:00,MOW,685,Kupi.com,1,1630,510,495,1,PAR
316,/search/MOW0107PAR15071?t=W617829342001783014600001400DMEEVNBVA17841525001784245500001490ORYISTSVO_8a716658f27dd27e87627f81dce243f5_75221&search_date=20032026&expected_price_uuid=019d092d-95ab-8030-667d-aef143dfb32a&static_fare_key=TY%7CP0%7CH0%7CL1_1_10%7CCH0%7CR0%7CTBC1&expected_price_source=share&expected_price_currency=eur&expected_price=755,DME,BVA,2026-07-01T19:30:00+03:00,3F,PAR,2026-07-15T21:55:00+02:00,MOW,755,City.Travel,1,2890,510,450,1,PAR
2138,/search/MOW0107PAR15071?t=SU17829483001782984600000665SVOISTORY17841525001784203200000785ORYISTSVO_ed8d6bd73ab9189b7bb365b585735450_75325&search_date=20032026&expected_price_uuid=019d092d-95ab-8030-667d-aef143dfb32a&static_fare_key=TY%7CP1%7CH0%7CL1_1_20%7CCH0%7CR0%7CTBC1&expected_price_source=share&expected_price_currency=eur&expected_price=756,SVO,ORY,2026-07-01T23:25:00+03:00,SU,PAR,2026-07-15T21:55:00+02:00,MOW,756,Aviakassa,1,1450,535,490,1,PAR
2132,/search/MOW0107PAR15071?t=SU17829405001782984600000795SVOISTORY17841525001784235000001315ORYISTVKO_eaf54819a817696a744bc4ff4f0f1dff_78191&search_date=20032026&expected_price_uuid=019d092d-95ab-8030-667d-aef143dfb32a&static_fare_key=TY%7CP0%7CH0%7CL1_1_10%7CCH0%7CR0%7CTBC1&expected_price_source=share&expected_price_currency=eur&expected_price=784,SVO,ORY,2026-07-01T21:15:00+03:00,SU,PAR,2026-07-15T21:55:00+02:00,MOW,784,Kupi.com,1,2110,540,500,1,PAR
340,/search/MOW0107PAR15071?t=QR17829255001782977400000925SVODOHCDG17841525001784245500001490ORYISTSVO_a1cbe425122a3c32d885a97116a46e78_78406&search_date=20032026&expected_price_uuid=019d092d-95ab-8030-667d-aef143dfb32a&static_fare_key=TY%7CP0%7CH0%7CL1_1_15%7CCH0%7CR0%7CTBC1&expected_price_source=share&expected_price_currency=eur&expected_price=787,SVO,CDG,2026-07-01T17:05:00+03:00,QR,PAR,2026-07-15T21:55:00+02:00,MOW,787,City.Travel,1,2415,735,450,1,PAR
2138,/search/MOW0107PAR15071?t=SU17829483001783021200001275SVOISTKRKORY17840991001784175000001205CDGWAWISTSVO_38028cd5697ee8fd56cdcc5ff801713e_80734&search_date=20032026&expected_price_uuid=019d092d-95ab-8030-667d-aef143dfb32a&static_fare_key=TY%7CP1%7CH1%7CL1_1_23%7CCH1%7CR0%7CTBC1&expected_price_source=share&expected_price_currency=eur&expected_price=810,SVO,ORY,2026-07-01T23:25:00+03:00,SU,PAR,2026-07-15T07:05:00+02:00,MOW,810,Авиасейлс,2,2480,595,575,2,PAR
2132,/search/MOW0107PAR15071?t=SU17829405001783021200001405SVOISTKRKORY17840991001784175000001205CDGWAWISTSVO_8d19a11bbd12538edc4ffac743a3b1ce_80734&search_date=20032026&expected_price_uuid=019d092d-95ab-8030-667d-aef143dfb32a&static_fare_key=TY%7CP1%7CH1%7CL1_1_23%7CCH1%7CR0%7CTBC1&expected_price_source=share&expected_price_currency=eur&expected_price=810,SVO,ORY,2026-07-01T21:15:00+03:00,SU,PAR,2026-07-15T07:05:00+02:00,MOW,810,Авиасейлс,2,2610,600,575,2,PAR
2138,/search/MOW0107PAR15071?t=SU17829483001783018200001225SVOISTWAWCDG17840991001784175000001205CDGWAWISTSVO_94e09724d175a0d2e493318d642c06df_81589&search_date=20032026&expected_price_uuid=019d092d-95ab-8030-667d-aef143dfb32a&static_fare_key=TY%7CP1%7CH1%7CL1_1_23%7CCH1%7CR0%7CTBC1&expected_price_source=share&expected_price_currency=eur&expected_price=818,SVO,CDG,2026-07-01T23:25:00+03:00,SU,PAR,2026-07-15T07:05:00+02:00,MOW,818,Авиасейлс,2,2430,610,575,2,PAR
340,/search/MOW0107PAR15071?t=QR17829255001782977400000925SVODOHCDG17841552001784211300000875CDGDOHSVO_1e2b3976072fa9a6c1304a66ceaa95b4_83346&search_date=20032026&expected_price_uuid=019d092d-95ab-8030-667d-aef143dfb32a&static_fare_key=TY%7CP1%7CH1%7CL1_1_25%7CCH0%7CR0%7CTBC1&expected_price_source=share&expected_price_currency=eur&expected_price=836,SVO,CDG,2026-07-01T17:05:00+03:00,QR,PAR,2026-07-15T22:40:00+02:00,MOW,836,Trip.com,1,1800,735,705,1,PAR
276,/search/MOW0107PAR15071?t=VF17828703001782905700000650VKOSAWCDG17841525001784245500001490ORYISTSVO_fe110a000ca53566cacf50a57577e511_84127&search_date=20032026&expected_price_uuid=019d092d-95ab-8030-667d-aef143dfb32a&static_fare_key=TY%7CP0%7CH0%7CL1_1_15%7CCH0%7CR0%7CTBC1&expected_price_source=share&expected_price_currency=eur&expected_price=844,VKO,CDG,2026-07-01T01:45:00+03:00,VF,PAR,2026-07-15T21:55:00+02:00,MOW,844,City.Travel,1,2140,490,450,1,PAR
391,/search/MOW0107PAR15071?t=PC17828862001782922200000660VKOSAWORY17841360001784178300000645ORYSAWVKO_38bf7ebc728257dd786b5adcb9691734_88587&search_date=20032026&expected_price_uuid=019d092d-95ab-8030-667d-aef143dfb32a&static_fare_key=TY%7CP1%7CH0%7CL0%7CCH0%7CR0%7CTBC0&expected_price_source=share&expected_price_currency=eur&expected_price=889,VKO,ORY,2026-07-01T06:10:00+03:00,PC,PAR,2026-07-15T17:20:00+02:00,MOW,889,Kupi.com,1,1305,475,455,1,PAR
559,/search/MOW0107PAR15071?t=TO17828946001782943200000870ZIATBSORY17841042001784153400000760ORYEVNSVO_4f569a80fe61d208d17e03513d398aea_89341&search_date=20032026&expected_price_uuid=019d092d-95ab-8030-667d-aef143dfb32a&static_fare_key=TY%7CP1%7CH0%7CL1_1_10%7CCH1%7CR0%7CTBC1&expected_price_source=share&expected_price_currency=eur&expected_price=896,ZIA,ORY,2026-07-01T08:30:00+03:00,WZ,PAR,2026-07-15T08:30:00+02:00,MOW,896,Kupi.com,1,1630,510,495,1,PAR
276,/search/MOW0107PAR15071?t=VF17828703001782905700000650VKOSAWCDG17841360001784178300000645ORYSAWVKO_b6af1cdb233aadbd60dc1cf722f87a1f_91695&search_date=20032026&expected_price_uuid=019d092d-95ab-8030-667d-aef143dfb32a&static_fare_key=TY%7CP1%7CH0%7CL0%7CCH0%7CR0%7CTBC0&expected_price_source=share&expected_price_currency=eur&expected_price=920,VKO,CDG,2026-07-01T01:45:00+03:00,VF,PAR,2026-07-15T17:20:00+02:00,MOW,920,Kupi.com,1,1295,490,455,1,PAR
935,/search/MOW0107PAR15071?t=TO17829072001782943200000660VKOTBSORY17841114001784153100000635ORYISTSVO_87965bfae400091fa1aebd2ed4065a05_97226&search_date=20032026&expected_price_uuid=019d092d-95ab-8030-667d-aef143dfb32a&static_fare_key=TY%7CP1%7CH0%7CL0%7CCH1%7CR0%7CTBC0&expected_price_source=share&expected_price_currency=eur&expected_price=975,VKO,ORY,2026-07-01T12:00:00+03:00,A9,PAR,2026-07-15T10:30:00+02:00,MOW,975,Kupi.com,1,1295,485,500,1,PAR
391,/search/MOW0107PAR15071?t=PC17828862001782922200000660VKOSAWORY17841360001784178300000645ORYSAWVKO_38bf7ebc728257dd786b5adcb9691734_97798&search_date=20032026&expected_price_uuid=019d092d-95ab-8030-667d-aef143dfb32a&static_fare_key=TY%7CP1%7CH1%7CL1_1_20%7CCH0%7CR0%7CTBC1&expected_price_source=share&expected_price_currency=eur&expected_price=981,VKO,ORY,2026-07-01T06:10:00+03:00,PC,PAR,2026-07-15T17:20:00+02:00,MOW,981,Aviakassa,1,1305,475,455,1,PAR
276,/search/MOW0107PAR15071?t=VF17828703001782905700000650VKOSAWCDG17841360001784178300000645ORYSAWVKO_b6af1cdb233aadbd60dc1cf722f87a1f_98068&search_date=20032026&expected_price_uuid=019d092d-95ab-8030-667d-aef143dfb32a&static_fare_key=TY%7CP1%7CH0%7CL1_1_20%7CCH0%7CR0%7CTBC1&expected_price_source=share&expected_price_currency=eur&expected_price=984,VKO,CDG,2026-07-01T01:45:00+03:00,VF,PAR,2026-07-15T17:20:00+02:00,MOW,984,Kupi.com,1,1295,490,455,1,PAR
3749,/search/MOW0107BCN15071?t=S717828997001782939600000725DMEISTBCN17840937001784245500002470BCNISTSVO_dd89dce2ea0e14b5c1ad9248ca9854c5_48923&search_date=21032026&expected_price_uuid=019d11ab-ef1e-8010-64ea-f87882b4a1b8&static_fare_key=TY%7CP0%7CH0%7CL0%7CCH0%7CR0%7CTBC0&expected_price_source=share&expected_price_currency=eur&expected_price=510,DME,BCN,2026-07-01T09:55:00+03:00,S7,BCN,2026-07-15T05:35:00+02:00,MOW,510,Kupi.com,1,3195,545,450,1,BCN
3749,/search/MOW0107BCN15071?t=S717828997001782939600000725DMEISTBCN17840937001784148600000855BCNISTDME_5f92102188a30a0c2cfe5e8340a2cc49_50498&search_date=21032026&expected_price_uuid=019d11ab-ef1e-8010-64ea-f87882b4a1b8&static_fare_key=TY%7CP0%7CH0%7CL0%7CCH0%7CR0%7CTBC0&expected_price_source=share&expected_price_currency=eur&expected_price=526,DME,BCN,2026-07-01T09:55:00+03:00,S7,BCN,2026-07-15T05:35:00+02:00,MOW,526,Kupi.com,1,1580,545,500,1,BCN
2136,/search/MOW0107BCN15071?t=SU17828970001782939600000770SVOISTBCN17840937001784245500002470BCNISTSVO_589c1f01ad8f150bcc4b57e8272b416b_50902&search_date=21032026&expected_price_uuid=019d11ab-ef1e-8010-64ea-f87882b4a1b8&static_fare_key=TY%7CP0%7CH0%7CL0%7CCH0%7CR0%7CTBC0&expected_price_source=share&expected_price_currency=eur&expected_price=530,SVO,BCN,2026-07-01T09:10:00+03:00,SU,BCN,2026-07-15T05:35:00+02:00,MOW,530,Kupi.com,1,3240,535,450,1,BCN
2170,/search/MOW0107BCN15071?t=SU17828676001782915900000865SVOISTBCN17840937001784148600000855BCNISTVKO_f1cfe846d141d85312e3f4957e48a704_53560&search_date=21032026&expected_price_uuid=019d11ab-ef1e-8010-64ea-f87882b4a1b8&static_fare_key=TY%7CP0%7CH0%7CL0%7CCH0%7CR0%7CTBC0&expected_price_source=share&expected_price_currency=eur&expected_price=558,SVO,BCN,2026-07-01T01:00:00+03:00,SU,BCN,2026-07-15T05:35:00+02:00,MOW,558,Kupi.com,1,1720,530,500,1,BCN
3749,/search/MOW0107BCN15071?t=S717828997001782939600000725DMEISTBCN17841186001784159100000615BCNISTSVO_836d96fa2b689aaae21d5f84a8851577_54782&search_date=21032026&expected_price_uuid=019d11ab-ef1e-8010-64ea-f87882b4a1b8&static_fare_key=TY%7CP0%7CH0%7CL0%7CCH0%7CR0%7CTBC0&expected_price_source=share&expected_price_currency=eur&expected_price=571,DME,BCN,2026-07-01T09:55:00+03:00,S7,BCN,2026-07-15T12:30:00+02:00,MOW,571,Kupi.com,1,1340,545,455,1,BCN
2136,/search/MOW0107BCN15071?t=SU17828970001782939600000770SVOISTBCN17841186001784159100000615BCNISTSVO_332f8a8e69da64ba09aeb79fb8e9cae4_56550&search_date=21032026&expected_price_uuid=019d11ab-ef1e-8010-64ea-f87882b4a1b8&static_fare_key=TY%7CP0%7CH0%7CL0%7CCH0%7CR0%7CTBC0&expected_price_source=share&expected_price_currency=eur&expected_price=589,SVO,BCN,2026-07-01T09:10:00+03:00,SU,BCN,2026-07-15T12:30:00+02:00,MOW,589,Kupi.com,1,1385,535,455,1,BCN
002,/search/MOW0107BCN15071?t=SU17829117001783038900002180SVOAYTHAMBCN17840937001784190600001555BCNISTSVO_b3c71634e51a8233e00c771cf3236db7_60240&search_date=21032026&expected_price_uuid=019d11ab-ef1e-8010-64ea-f87882b4a1b8&static_fare_key=TY%7CP0%7CH0%7CL0%7CCH0%7CR0%7CTBC0&expected_price_source=share&expected_price_currency=eur&expected_price=628,SVO,BCN,2026-07-01T13:15:00+03:00,2S,BCN,2026-07-15T05:35:00+02:00,MOW,628,Aviakassa,1,3735,670,490,2,BCN
2136,/search/MOW0107BCN15071?t=SU17828970001782939600000770SVOISTBCN17840937001784245500002470BCNISTSVO_589c1f01ad8f150bcc4b57e8272b416b_66612&search_date=21032026&expected_price_uuid=019d11ab-ef1e-8010-64ea-f87882b4a1b8&static_fare_key=TY%7CP0%7CH0%7CL1_1_15%7CCH0%7CR0%7CTBC1&expected_price_source=share&expected_price_currency=eur&expected_price=694,SVO,BCN,2026-07-01T09:10:00+03:00,SU,BCN,2026-07-15T05:35:00+02:00,MOW,694,Kupi.com,1,3240,535,450,1,BCN
3749,/search/MOW0107BCN15071?t=S717828997001782939600000725DMEISTBCN17840937001784245500002470BCNISTSVO_dd89dce2ea0e14b5c1ad9248ca9854c5_67195&search_date=21032026&expected_price_uuid=019d11ab-ef1e-8010-64ea-f87882b4a1b8&static_fare_key=TY%7CP0%7CH0%7CL1_1_15%7CCH0%7CR0%7CTBC1&expected_price_source=share&expected_price_currency=eur&expected_price=700,DME,BCN,2026-07-01T09:55:00+03:00,S7,BCN,2026-07-15T05:35:00+02:00,MOW,700,Kupi.com,1,3195,545,450,1,BCN
340,/search/MOW0107BCN15071?t=QR17829255001782977400000925SVODOHBCN17840937001784147100000830BCNISTSVO_1384f2986f8bf34c5c08e0de79b70086_69465&search_date=21032026&expected_price_uuid=019d11ab-ef1e-8010-64ea-f87882b4a1b8&static_fare_key=TY%7CP0%7CH0%7CL0%7CCH0%7CR0%7CTBC0&expected_price_source=share&expected_price_currency=eur&expected_price=724,SVO,BCN,2026-07-01T17:05:00+03:00,QR,BCN,2026-07-15T05:35:00+02:00,MOW,724,City.Travel,1,1755,725,495,1,BCN
2136,/search/MOW0107BCN15071?t=SU17828970001782939600000770SVOISTBCN17841186001784159100000615BCNISTSVO_332f8a8e69da64ba09aeb79fb8e9cae4_72593&search_date=21032026&expected_price_uuid=019d11ab-ef1e-8010-64ea-f87882b4a1b8&static_fare_key=TY%7CP0%7CH0%7CL1_1_15%7CCH0%7CR0%7CTBC1&expected_price_source=share&expected_price_currency=eur&expected_price=756,SVO,BCN,2026-07-01T09:10:00+03:00,SU,BCN,2026-07-15T12:30:00+02:00,MOW,756,Kupi.com,1,1385,535,455,1,BCN
3749,/search/MOW0107BCN15071?t=S717828997001782939600000725DMEISTBCN17841186001784159100000615BCNISTSVO_836d96fa2b689aaae21d5f84a8851577_72806&search_date=21032026&expected_price_uuid=019d11ab-ef1e-8010-64ea-f87882b4a1b8&static_fare_key=TY%7CP0%7CH0%7CL1_1_15%7CCH0%7CR0%7CTBC1&expected_price_source=share&expected_price_currency=eur&expected_price=759,DME,BCN,2026-07-01T09:55:00+03:00,S7,BCN,2026-07-15T12:30:00+02:00,MOW,759,Kupi.com,1,1340,545,455,1,BCN
340,/search/MOW0107BCN15071?t=QR17829255001782977400000925SVODOHBCN17841558001784211300000865BCNDOHSVO_091a75e7aeb76f7c48e4ba25b0eb1392_75172&search_date=21032026&expected_price_uuid=019d11ab-ef1e-8010-64ea-f87882b4a1b8&static_fare_key=TY%7CP0%7CH1%7CL1_1_25%7CCH0%7CR0%7CTBC1&expected_price_source=share&expected_price_currency=eur&expected_price=783,SVO,BCN,2026-07-01T17:05:00+03:00,QR,BCN,2026-07-15T22:50:00+02:00,MOW,783,OneTwoTrip,1,1790,725,695,1,BCN
340,/search/MOW0107BCN15071?t=QR17829255001782977400000925SVODOHBCN17841333001784211300001240BCNDOHSVO_4b66ffd2c5a4575156697bb147967150_75172&search_date=21032026&expected_price_uuid=019d11ab-ef1e-8010-64ea-f87882b4a1b8&static_fare_key=TY%7CP0%7CH1%7CL1_1_25%7CCH0%7CR0%7CTBC1&expected_price_source=share&expected_price_currency=eur&expected_price=783,SVO,BCN,2026-07-01T17:05:00+03:00,QR,BCN,2026-07-15T16:35:00+02:00,MOW,783,OneTwoTrip,1,2165,725,700,1,BCN
322,/search/MOW0107BCN15071?t=3F17829000001782934200000630VKOEVNBCN17840937001784147100000830BCNISTSVO_a4402096a0aa506428cffba0aba0c8b2_76348&search_date=21032026&expected_price_uuid=019d11ab-ef1e-8010-64ea-f87882b4a1b8&static_fare_key=TY%7CP0%7CH0%7CL0%7CCH0%7CR0%7CTBC0&expected_price_source=share&expected_price_currency=eur&expected_price=796,VKO,BCN,2026-07-01T10:00:00+03:00,3F,BCN,2026-07-15T05:35:00+02:00,MOW,796,City.Travel,1,1460,505,495,1,BCN
137,/search/MOW0107BCN15071?t=JU17828745001782935400001075SVOBEGBCN17841477001784253900001710BCNBEGSVO_1fd29d9f5536257cd641a1db939c68a7_76951&search_date=21032026&expected_price_uuid=019d11ab-ef1e-8010-64ea-f87882b4a1b8&static_fare_key=TY%7CP0%7CH1%7CL0%7CCH0%7CR0%7CTBC0&expected_price_source=share&expected_price_currency=eur&expected_price=802,SVO,BCN,2026-07-01T02:55:00+03:00,JU,BCN,2026-07-15T20:35:00+02:00,MOW,802,OneTwoTrip,1,2785,345,345,1,BCN
314,/search/MOW0107BCN15071?t=3F17828712001782934200001110DMEEVNBCN17841477001784203200000865BCNBEGISTSVO_1be89d54d465a7fb18cdb36a3018c666_78045&search_date=21032026&expected_price_uuid=019d11ab-ef1e-8010-64ea-f87882b4a1b8&static_fare_key=TY%7CP0%7CH0%7CL0%7CCH0%7CR0%7CTBC0&expected_price_source=share&expected_price_currency=eur&expected_price=813,DME,BCN,2026-07-01T02:00:00+03:00,3F,BCN,2026-07-15T20:35:00+02:00,MOW,813,City.Travel,2,1975,505,530,1,BCN
132,/search/MOW0107BCN15071?t=EK17829474001782998700000915DMEDXBBCN17841300001784184000000840BCNDXBDME_03a34fd0790db6ba125b9a4355798b21_92899&search_date=21032026&expected_price_uuid=019d11ab-ef1e-8010-64ea-f87882b4a1b8&static_fare_key=TY%7CP0%7CH1%7CL1_1_25%7CCH1%7CR1%7CTBC1&expected_price_source=share&expected_price_currency=eur&expected_price=968,DME,BCN,2026-07-01T23:10:00+03:00,EK,BCN,2026-07-15T15:40:00+02:00,MOW,968,Fun&Sun,1,1755,750,715,1,BCN
322,/search/MOW0107BCN15071?t=3F17829000001782934200000630VKOEVNBCN17841174001784159100000635BCNISTSVO_7a3ac51db83608addd1ed5f9382d9927_96209&search_date=21032026&expected_price_uuid=019d11ab-ef1e-8010-64ea-f87882b4a1b8&static_fare_key=TY%7CP0%7CH0%7CL0%7CCH0%7CR0%7CTBC0&expected_price_source=share&expected_price_currency=eur&expected_price=1002,VKO,BCN,2026-07-01T10:00:00+03:00,3F,BCN,2026-07-15T12:10:00+02:00,MOW,1002,Kupi.com,1,1265,505,440,1,BCN
132,/search/MOW0107BCN15071?t=EK17829474001782998700000915DMEDXBBCN17841507001784211300000950BCNDXBDME_d5f5f315dec183c5316e6d6babb85563_98158&search_date=21032026&expected_price_uuid=019d11ab-ef1e-8010-64ea-f87882b4a1b8&static_fare_key=TY%7CP0%7CH1%7CL1_1_25%7CCH1%7CR1%7CTBC1&expected_price_source=share&expected_price_currency=eur&expected_price=1023,DME,BCN,2026-07-01T23:10:00+03:00,EK,BCN,2026-07-15T21:25:00+02:00,MOW,1023,Fun&Sun,1,1865,750,720,1,BCN
340,/search/MOW0107BCN15071?t=QR17829255001782977400000925SVODOHBCN17841423001784178000000535BCNISTVKO_f02d8694efac356deaac656b395f9c7e_101409&search_date=21032026&expected_price_uuid=019d11ab-ef1e-8010-64ea-f87882b4a1b8&static_fare_key=TY%7CP0%7CH1%7CL1_1_20%7CCH0%7CR0%7CTBC1&expected_price_source=share&expected_price_currency=eur&expected_price=1057,SVO,BCN,2026-07-01T17:05:00+03:00,QR,BCN,2026-07-15T19:05:00+02:00,MOW,1057,OneTwoTrip,1,1460,725,440,1,BCN
340,/search/MOW0107BCN15071?t=QR17829255001782977400000925SVODOHBCN17841423001784182500000610BCNISTVKO_77aecf8bad26bdfb8390331ebc477e2b_101409&search_date=21032026&expected_price_uuid=019d11ab-ef1e-8010-64ea-f87882b4a1b8&static_fare_key=TY%7CP0%7CH1%7CL1_1_20%7CCH0%7CR0%7CTBC1&expected_price_source=share&expected_price_currency=eur&expected_price=1057,SVO,BCN,2026-07-01T17:05:00+03:00,QR,BCN,2026-07-15T19:05:00+02:00,MOW,1057,OneTwoTrip,1,1535,725,440,1,BCN
322,/search/MOW0107BCN15071?t=3F17829000001782934200000630VKOEVNBCN17841423001784178000000535BCNISTVKO_49bb214070fdde9e64f7f320bc868f8a_107761&search_date=21032026&expected_price_uuid=019d11ab-ef1e-8010-64ea-f87882b4a1b8&static_fare_key=TY%7CP0%7CH0%7CL0%7CCH0%7CR0%7CTBC0&expected_price_source=share&expected_price_currency=eur&expected_price=1123,VKO,BCN,2026-07-01T10:00:00+03:00,3F,BCN,2026-07-15T19:05:00+02:00,MOW,1123,Авиасейлс,1,1165,505,440,1,BCN
2138,/search/MOW0107BEG15071?t=SU17829483001783007700001050SVOISTSAWBEG17841267001784245500001920BEGSAWISTSVO_4574840ec3d65a1dc40caedfbd72067d_54128&search_date=22032026&expected_price_uuid=019d14f7-538c-8030-e196-7fbc1283d310&static_fare_key=TY%7CP0%7CH0%7CL0%7CCH0%7CR0%7CTBC0&expected_price_source=share&expected_price_currency=eur&expected_price=564,SVO,BEG,2026-07-01T23:25:00+03:00,SU,BEG,2026-07-15T14:45:00+02:00,MOW,564,Kupi.com,1,2970,410,335,1,BEG
2138,/search/MOW0107BEG15071?t=SU17829483001783007700001050SVOISTSAWBEG17841267001784235000001745BEGSAWISTDME_e87f923bafe38a8460558990472a9af9_55705&search_date=22032026&expected_price_uuid=019d14f7-538c-8030-e196-7fbc1283d310&static_fare_key=TY%7CP0%7CH0%7CL0%7CCH0%7CR0%7CTBC0&expected_price_source=share&expected_price_currency=eur&expected_price=580,SVO,BEG,2026-07-01T23:25:00+03:00,SU,BEG,2026-07-15T14:45:00+02:00,MOW,580,Kupi.com,1,2795,410,385,1,BEG
2134,/search/MOW0107BEG15071?t=SU17829258001782969000000780SVOISTBEG17841177001784190600001155BEGISTSVO_9335a9577d7605fb9dafa47f8cbe4b06_57140&search_date=22032026&expected_price_uuid=019d14f7-538c-8030-e196-7fbc1283d310&static_fare_key=TY%7CP0%7CH1%7CL0%7CCH0%7CR0%7CTBC0&expected_price_source=share&expected_price_currency=eur&expected_price=595,SVO,BEG,2026-07-01T17:10:00+03:00,SU,BEG,2026-07-15T12:15:00+02:00,MOW,595,Aviakassa,1,1935,400,375,1,BEG
2136,/search/MOW0107BEG15071?t=SU17828970001782923100000495SVOISTBEG17841177001784153100000530BEGISTSVO_5df921b0669bb6ccc7050264b339cad3_65066&search_date=22032026&expected_price_uuid=019d14f7-538c-8030-e196-7fbc1283d310&static_fare_key=TY%7CP0%7CH1%7CL0%7CCH0%7CR0%7CTBC0&expected_price_source=share&expected_price_currency=eur&expected_price=678,SVO,BEG,2026-07-01T09:10:00+03:00,SU,BEG,2026-07-15T12:15:00+02:00,MOW,678,Авиасейлс,1,1025,405,385,1,BEG
2134,/search/MOW0107BEG15071?t=SU17829258001782969000000780SVOISTBEG17841438001784223000001260BEGGYDVKO_b60f868d69d935c00839a7040315c8c9_66330&search_date=22032026&expected_price_uuid=019d14f7-538c-8030-e196-7fbc1283d310&static_fare_key=TY%7CP0%7CH1%7CL0%7CCH0%7CR0%7CTBC0&expected_price_source=share&expected_price_currency=eur&expected_price=691,SVO,BEG,2026-07-01T17:10:00+03:00,SU,BEG,2026-07-15T19:30:00+02:00,MOW,691,City.Travel,1,2040,400,420,1,BEG
2138,/search/MOW0107BEG15071?t=SU17829483001783007700001050SVOISTSAWBEG17841267001784245500001920BEGSAWISTSVO_4574840ec3d65a1dc40caedfbd72067d_66542&search_date=22032026&expected_price_uuid=019d14f7-538c-8030-e196-7fbc1283d310&static_fare_key=TY%7CP0%7CH0%7CL1_1_20%7CCH0%7CR0%7CTBC1&expected_price_source=share&expected_price_currency=eur&expected_price=693,SVO,BEG,2026-07-01T23:25:00+03:00,SU,BEG,2026-07-15T14:45:00+02:00,MOW,693,Kupi.com,1,2970,410,335,1,BEG
2132,/search/MOW0107BEG15071?t=SU17829405001782969000000535SVOISTBEG17840769001784116800000605BEGISTSVO_d531f312f17e422e954025704b0053d4_67385&search_date=22032026&expected_price_uuid=019d14f7-538c-8030-e196-7fbc1283d310&static_fare_key=TY%7CP0%7CH1%7CL1_1_23%7CCH1%7CR0%7CTBC1&expected_price_source=share&expected_price_currency=eur&expected_price=702,SVO,BEG,2026-07-01T21:15:00+03:00,SU,BEG,2026-07-15T00:55:00+02:00,MOW,702,Авиасейлс,1,1140,415,375,1,BEG
2138,/search/MOW0107BEG15071?t=SU17829483001783007700001050SVOISTSAWBEG17841267001784235000001745BEGSAWISTVKO_0d6601cfcdc1d6a68382d211f236dea4_68620&search_date=22032026&expected_price_uuid=019d14f7-538c-8030-e196-7fbc1283d310&static_fare_key=TY%7CP0%7CH0%7CL1_1_10%7CCH0%7CR0%7CTBC1&expected_price_source=share&expected_price_currency=eur&expected_price=715,SVO,BEG,2026-07-01T23:25:00+03:00,SU,BEG,2026-07-15T14:45:00+02:00,MOW,715,Kupi.com,1,2795,410,385,1,BEG
993,/search/MOW0107BEG15071?t=DP17828880001782923100000645VKOISTBEG17840937001784108700000190BEGSVO_2b739865ea373d3f8da62d27e2ffdda0_71560&search_date=22032026&expected_price_uuid=019d14f7-538c-8030-e196-7fbc1283d310&static_fare_key=TY%7CP0%7CH1%7CL0%7CCH0%7CR0%7CTBC0&expected_price_source=share&expected_price_currency=eur&expected_price=746,VKO,BEG,2026-07-01T06:40:00+03:00,DP,BEG,2026-07-15T05:35:00+02:00,MOW,746,SuperKassa,0,835,415,190,1,BEG
2136,/search/MOW0107BEG15071?t=SU17828970001782923100000495SVOISTBEG17841177001784153100000530BEGISTSVO_5df921b0669bb6ccc7050264b339cad3_73047&search_date=22032026&expected_price_uuid=019d14f7-538c-8030-e196-7fbc1283d310&static_fare_key=TY%7CP0%7CH1%7CL1_1_23%7CCH1%7CR0%7CTBC1&expected_price_source=share&expected_price_currency=eur&expected_price=761,SVO,BEG,2026-07-01T09:10:00+03:00,SU,BEG,2026-07-15T12:15:00+02:00,MOW,761,Авиасейлс,1,1025,405,385,1,BEG
2136,/search/MOW0107BEG15071?t=SU17828970001782948900000925SVOISTFRABEG17841228001784175000000810BEGFRAISTSVO_eca2f4c9f63c3e2ad63e6ad09e88a412_73921&search_date=22032026&expected_price_uuid=019d14f7-538c-8030-e196-7fbc1283d310&static_fare_key=TY%7CP0%7CH1%7CL0%7CCH0%7CR0%7CTBC0&expected_price_source=share&expected_price_currency=eur&expected_price=770,SVO,BEG,2026-07-01T09:10:00+03:00,SU,BEG,2026-07-15T13:40:00+02:00,MOW,770,Авиасейлс,2,1735,610,575,2,BEG
559,/search/MOW0107BEG15071?t=2S17828946001782920700000495ZIATBSBEG17841177001784159100000630BEGISTSVO_4e4e1344be24c2eb0d6e84da28437c73_74399&search_date=22032026&expected_price_uuid=019d14f7-538c-8030-e196-7fbc1283d310&static_fare_key=TY%7CP0%7CH1%7CL0%7CCH0%7CR0%7CTBC0&expected_price_source=share&expected_price_currency=eur&expected_price=775,ZIA,BEG,2026-07-01T08:30:00+03:00,WZ,BEG,2026-07-15T12:15:00+02:00,MOW,775,Авиасейлс,1,1125,400,335,1,BEG
133,/search/MOW0107BEG15071?t=JU17829351001782942600000185SVOBEG17840937001784108700000190BEGSVO_03124ebf7921af6e1d63228a65df4aac_74444&search_date=22032026&expected_price_uuid=019d14f7-538c-8030-e196-7fbc1283d310&static_fare_key=TY%7CP0%7CH1%7CL0%7CCH0%7CR0%7CTBC0&expected_price_source=share&expected_price_currency=eur&expected_price=776,SVO,BEG,2026-07-01T19:45:00+03:00,JU,BEG,2026-07-15T05:35:00+02:00,MOW,776,Авиасейлс,0,375,185,190,0,BEG
3749,/search/MOW0107BEG15071?t=S717828997001782934500000640DMEISTBEG17840937001784108700000190BEGSVO_5397c3372c2097b1918510298ec2f7ed_75007&search_date=22032026&expected_price_uuid=019d14f7-538c-8030-e196-7fbc1283d310&static_fare_key=TY%7CP0%7CH1%7CL0%7CCH0%7CR0%7CTBC0&expected_price_source=share&expected_price_currency=eur&expected_price=782,DME,BEG,2026-07-01T09:55:00+03:00,S7,BEG,2026-07-15T05:35:00+02:00,MOW,782,SuperKassa,0,830,415,190,1,BEG
278,/search/MOW0107BEG15071?t=VF17828850001782913500000535VKOSAWBEG17841267001784162700000540BEGSAWVKO_c1ce5b504c301e91b496d60cee658581_75183&search_date=22032026&expected_price_uuid=019d14f7-538c-8030-e196-7fbc1283d310&static_fare_key=TY%7CP0%7CH0%7CL0%7CCH0%7CR0%7CTBC0&expected_price_source=share&expected_price_currency=eur&expected_price=783,VKO,BEG,2026-07-01T05:50:00+03:00,VF,BEG,2026-07-15T14:45:00+02:00,MOW,783,City.Travel,1,1075,370,355,1,BEG
133,/search/MOW0107BEG15071?t=2S17829351001782942600000185SVOBEG17841177001784159100000630BEGISTSVO_c12e76d4dda440831dd1418f921560b8_76115&search_date=22032026&expected_price_uuid=019d14f7-538c-8030-e196-7fbc1283d310&static_fare_key=TY%7CP0%7CH1%7CL0%7CCH0%7CR0%7CTBC0&expected_price_source=share&expected_price_currency=eur&expected_price=793,SVO,BEG,2026-07-01T19:45:00+03:00,JU,BEG,2026-07-15T12:15:00+02:00,MOW,793,City.Travel,1,815,185,335,0,BEG
278,/search/MOW0107BEG15071?t=VF17828850001782913500000535VKOSAWBEG17841525001784167500000190BEGSVO_f63fb319bcf8098a59dcae428fb376e6_76841&search_date=22032026&expected_price_uuid=019d14f7-538c-8030-e196-7fbc1283d310&static_fare_key=TY%7CP0%7CH0%7CL0%7CCH0%7CR0%7CTBC0&expected_price_source=share&expected_price_currency=eur&expected_price=801,VKO,BEG,2026-07-01T05:50:00+03:00,VF,BEG,2026-07-15T21:55:00+02:00,MOW,801,Авиасейлс,0,725,370,190,1,BEG
135,/search/MOW0107BEG15071?t=JU17829498001782957300000185SVOBEG17841525001784167500000190BEGSVO_3c9396aa5144ed94ea54976fd458c783_78044&search_date=22032026&expected_price_uuid=019d14f7-538c-8030-e196-7fbc1283d310&static_fare_key=TY%7CP0%7CH1%7CL0%7CCH0%7CR0%7CTBC0&expected_price_source=share&expected_price_currency=eur&expected_price=813,SVO,BEG,2026-07-01T23:50:00+03:00,JU,BEG,2026-07-15T21:55:00+02:00,MOW,813,Авиасейлс,0,375,185,190,0,BEG
278,/search/MOW0107BEG15071?t=VF17828850001782913500000535VKOSAWBEG17840937001784108700000190BEGSVO_d6c37c34304e53a5dc1ffe99608b69ed_79604&search_date=22032026&expected_price_uuid=019d14f7-538c-8030-e196-7fbc1283d310&static_fare_key=TY%7CP0%7CH0%7CL1_1_20%7CCH1%7CR0%7CTBC1&expected_price_source=share&expected_price_currency=eur&expected_price=829,VKO,BEG,2026-07-01T05:50:00+03:00,VF,BEG,2026-07-15T05:35:00+02:00,MOW,829,Авиасейлс,0,725,370,190,1,BEG
6026,/search/MOW0107BEG15071?t=JU17829162001782938400000430VKOLEDBEG17840937001784108700000190BEGSVO_e88581bf904975fd3fce38e391b411d5_81436&search_date=22032026&expected_price_uuid=019d14f7-538c-8030-e196-7fbc1283d310&static_fare_key=TY%7CP0%7CH1%7CL0%7CCH0%7CR0%7CTBC0&expected_price_source=share&expected_price_currency=eur&expected_price=849,VKO,BEG,2026-07-01T14:30:00+03:00,FV,BEG,2026-07-15T05:35:00+02:00,MOW,849,Kupi.com,0,620,265,190,1,BEG
278,/search/MOW0107BEG15071?t=VF17828850001782913500000535VKOSAWBEG17841267001784162700000540BEGSAWVKO_c1ce5b504c301e91b496d60cee658581_81756&search_date=22032026&expected_price_uuid=019d14f7-538c-8030-e196-7fbc1283d310&static_fare_key=TY%7CP0%7CH0%7CL1_1_20%7CCH1%7CR0%7CTBC1&expected_price_source=share&expected_price_currency=eur&expected_price=852,VKO,BEG,2026-07-01T05:50:00+03:00,VF,BEG,2026-07-15T14:45:00+02:00,MOW,852,Kupi.com,1,1075,370,355,1,BEG
2136,/search/MOW0107BEG15071?t=SU17828970001782948900000925SVOISTFRABEG17841228001784175000000810BEGFRAISTSVO_eca2f4c9f63c3e2ad63e6ad09e88a412_83182&search_date=22032026&expected_price_uuid=019d14f7-538c-8030-e196-7fbc1283d310&static_fare_key=TY%7CP0%7CH1%7CL1_1_0%7CCH0%7CR0%7CTBC1&expected_price_source=share&expected_price_currency=eur&expected_price=867,SVO,BEG,2026-07-01T09:10:00+03:00,SU,BEG,2026-07-15T13:40:00+02:00,MOW,867,Авиасейлс,2,1735,610,575,2,BEG
133,/search/MOW0107BEG15071?t=2S17829351001782942600000185SVOBEG17841177001784159100000630BEGISTSVO_c12e76d4dda440831dd1418f921560b8_84031&search_date=22032026&expected_price_uuid=019d14f7-538c-8030-e196-7fbc1283d310&static_fare_key=TY%7CP0%7CH1%7CL1_1_20%7CCH0%7CR0%7CTBC1&expected_price_source=share&expected_price_currency=eur&expected_price=876,SVO,BEG,2026-07-01T19:45:00+03:00,JU,BEG,2026-07-15T12:15:00+02:00,MOW,876,City.Travel,1,815,185,335,0,BEG
135,/search/MOW0107BEG15071?t=JU17829498001782957300000185SVOBEG17840937001784108700000190BEGSVO_4895fb4e40ab83c06d45386030d0684c_84264&search_date=22032026&expected_price_uuid=019d14f7-538c-8030-e196-7fbc1283d310&static_fare_key=TY%7CP0%7CH1%7CL1_1_23%7CCH1%7CR0%7CTBC1&expected_price_source=share&expected_price_currency=eur&expected_price=878,SVO,BEG,2026-07-01T23:50:00+03:00,JU,BEG,2026-07-15T05:35:00+02:00,MOW,878,OneTwoTrip,0,375,185,190,0,BEG
3749,/search/MOW0107BEG15071?t=S717828997001782969000001215DMEISTBEG17840937001784108700000190BEGSVO_94903ba4709fbe1b8f125eb6e7bfc3c4_86361&search_date=22032026&expected_price_uuid=019d14f7-538c-8030-e196-7fbc1283d310&static_fare_key=TY%7CP0%7CH1%7CL1_1_23%7CCH0%7CR0%7CTBC1&expected_price_source=share&expected_price_currency=eur&expected_price=900,DME,BEG,2026-07-01T09:55:00+03:00,S7,BEG,2026-07-15T05:35:00+02:00,MOW,900,SuperKassa,0,1405,415,190,1,BEG
416,/search/MOW0107BEG15071?t=SU17829339001782969000000645VKOISTBEG17840769001784116800000605BEGISTSVO_c5a9cde5010e9983d1fa73c2a072337b_89702&search_date=22032026&expected_price_uuid=019d14f7-538c-8030-e196-7fbc1283d310&static_fare_key=TY%7CP0%7CH1%7CL1_1_23%7CCH0%7CR0%7CTBC1&expected_price_source=share&expected_price_currency=eur&expected_price=935,VKO,BEG,2026-07-01T19:25:00+03:00,TK,BEG,2026-07-15T00:55:00+02:00,MOW,935,Авиасейлс,1,1250,340,375,1,BEG
2172,/search/MOW0107BEG15071?t=SU17828904001782923100000605SVOISTBEG17841267001784162700000540BEGSAWVKO_8381cbdd81f4243acb214fcd91ccd78a_92128&search_date=22032026&expected_price_uuid=019d14f7-538c-8030-e196-7fbc1283d310&static_fare_key=TY%7CP0%7CH0%7CL1_1_10%7CCH0%7CR0%7CTBC1&expected_price_source=share&expected_price_currency=eur&expected_price=960,SVO,BEG,2026-07-01T07:20:00+03:00,SU,BEG,2026-07-15T14:45:00+02:00,MOW,960,Авиасейлс,1,1145,400,355,1,BEG
6699,/search/MOW0107BEG15071?t=SU17828676001782913500000825SVOLEDSAWBEG17841357001784203200001065BEGWAWISTSVO_9e09861055daf19ba24f40ce1d5afef7_92889&search_date=22032026&expected_price_uuid=019d14f7-538c-8030-e196-7fbc1283d310&static_fare_key=TY%7CP0%7CH0%7CL1_1_20%7CCH1%7CR0%7CTBC1&expected_price_source=share&expected_price_currency=eur&expected_price=968,SVO,BEG,2026-07-01T01:00:00+03:00,FV,BEG,2026-07-15T17:15:00+02:00,MOW,968,Авиасейлс,2,1890,435,530,2,BEG
6026,/search/MOW0107BEG15071?t=JU17829162001782938400000430VKOLEDBEG17840937001784108700000190BEGSVO_e88581bf904975fd3fce38e391b411d5_94098&search_date=22032026&expected_price_uuid=019d14f7-538c-8030-e196-7fbc1283d310&static_fare_key=TY%7CP0%7CH1%7CL1_1_23%7CCH1%7CR0%7CTBC1&expected_price_source=share&expected_price_currency=eur&expected_price=980,VKO,BEG,2026-07-01T14:30:00+03:00,FV,BEG,2026-07-15T05:35:00+02:00,MOW,980,Kupi.com,0,620,265,190,1,BEG
416,/search/MOW0107BEG15071?t=TK17829339001783035300001750VKOISTFRABEG17841228001784208900001375BEGFRAISTVKO_53bced4a3600c318f17be9e05754456b_94618&search_date=22032026&expected_price_uuid=019d14f7-538c-8030-e196-7fbc1283d310&static_fare_key=TY%7CP0%7CH1%7CL1_1_0%7CCH0%7CR0%7CTBC1&expected_price_source=share&expected_price_currency=eur&expected_price=986,VKO,BEG,2026-07-01T19:25:00+03:00,TK,BEG,2026-07-15T13:40:00+02:00,MOW,986,Авиасейлс,2,3125,545,540,2,BEG
2132,/search/MOW0107TIV15071?t=SU17829405001782978000000685SVOISTBEGTIV17841039001784235000002125TIVBEGISTVKO_ce0006d650dd423a28fac0d82c03583f_63794&search_date=21032026&expected_price_uuid=019d115e-2e86-8030-a9f9-b0bb446b5e8e&static_fare_key=TY%7CP0%7CH1%7CL0%7CCH0%7CR0%7CTBC0&expected_price_source=share&expected_price_currency=eur&expected_price=665,SVO,TIV,2026-07-01T21:15:00+03:00,SU,TIV,2026-07-15T08:25:00+02:00,MOW,665,Kupi.com,2,2810,475,440,2,TIV
2132,/search/MOW0107TIV15071?t=SU17829405001782978000000685SVOISTBEGTIV17841039001784159100000860TIVBEGISTSVO_46a11f2ef8c43e09b3fadfd6c074e8bf_63942&search_date=21032026&expected_price_uuid=019d115e-2e86-8030-a9f9-b0bb446b5e8e&static_fare_key=TY%7CP0%7CH1%7CL0%7CCH0%7CR0%7CTBC0&expected_price_source=share&expected_price_currency=eur&expected_price=666,SVO,TIV,2026-07-01T21:15:00+03:00,SU,TIV,2026-07-15T08:25:00+02:00,MOW,666,Kupi.com,2,1545,475,390,2,TIV
2138,/search/MOW0107TIV15071?t=SU17829483001783006500001030SVOISTTIV17841162001784223000001720TIVBEGGYDVKO_127226da47865a9f8ea4199adcde6631_66887&search_date=21032026&expected_price_uuid=019d115e-2e86-8030-a9f9-b0bb446b5e8e&static_fare_key=TY%7CP1%7CH1%7CL0%7CCH0%7CR0%7CTBC0&expected_price_source=share&expected_price_currency=eur&expected_price=697,SVO,TIV,2026-07-01T23:25:00+03:00,SU,TIV,2026-07-15T11:50:00+02:00,MOW,697,Aviakassa,2,2750,420,475,1,TIV
2172,/search/MOW0107TIV15071?t=SU17828904001782920100000555SVOISTTIV17841102001784139000000420TIVEVNDME_f891e0f06f5dd531d630768414757ac4_71831&search_date=21032026&expected_price_uuid=019d115e-2e86-8030-a9f9-b0bb446b5e8e&static_fare_key=TY%7CP1%7CH0%7CL0%7CCH0%7CR0%7CTBC0&expected_price_source=share&expected_price_currency=eur&expected_price=748,SVO,TIV,2026-07-01T07:20:00+03:00,SU,TIV,2026-07-15T10:10:00+02:00,MOW,748,Aviakassa,1,975,410,360,1,TIV
336,/search/MOW0107TIV15071?t=J917828661001782906900000740DMEKWITIV17841192001784159400000610TIVKWIDME_3ad19c4e40e05d4f43932dda771b1237_72740&search_date=21032026&expected_price_uuid=019d115e-2e86-8030-a9f9-b0bb446b5e8e&static_fare_key=TY%7CP0%7CH1%7CL1_1_30%7CCH1%7CR0%7CTBC1&expected_price_source=share&expected_price_currency=eur&expected_price=758,DME,TIV,2026-07-01T00:35:00+03:00,J9,TIV,2026-07-15T12:40:00+02:00,MOW,758,City.Travel,1,1350,575,550,1,TIV
416,/search/MOW0107TIV15071?t=TK17829339001782980100000830VKOISTTIV17841399001784182500000650TIVISTVKO_8b1a2f0da9425295d951b6ed46deeb04_74488&search_date=21032026&expected_price_uuid=019d115e-2e86-8030-a9f9-b0bb446b5e8e&static_fare_key=TY%7CP1%7CH1%7CL1_1_30%7CCH1%7CR1%7CTBC1&expected_price_source=share&expected_price_currency=eur&expected_price=776,VKO,TIV,2026-07-01T19:25:00+03:00,TK,TIV,2026-07-15T18:25:00+02:00,MOW,776,Kupi.com,1,1480,350,345,1,TIV
314,/search/MOW0107TIV15071?t=3F17828712001782897000000490DMEEVNTIV17841102001784139000000420TIVEVNDME_670ffe3ccb63ad4fe3e35ce1173d46c4_75638&search_date=21032026&expected_price_uuid=019d115e-2e86-8030-a9f9-b0bb446b5e8e&static_fare_key=TY%7CP1%7CH0%7CL0%7CCH0%7CR0%7CTBC0&expected_price_source=share&expected_price_currency=eur&expected_price=788,DME,TIV,2026-07-01T02:00:00+03:00,3F,TIV,2026-07-15T10:10:00+02:00,MOW,788,City.Travel,1,910,390,360,1,TIV
324,/search/MOW0107TIV15071?t=3F17828730001782897000000460VKOEVNTIV17841102001784139000000420TIVEVNDME_aedc4900498638118da5563138b87d0f_75638&search_date=21032026&expected_price_uuid=019d115e-2e86-8030-a9f9-b0bb446b5e8e&static_fare_key=TY%7CP1%7CH0%7CL0%7CCH0%7CR0%7CTBC0&expected_price_source=share&expected_price_currency=eur&expected_price=788,VKO,TIV,2026-07-01T02:30:00+03:00,3F,TIV,2026-07-15T10:10:00+02:00,MOW,788,City.Travel,1,880,390,360,1,TIV
2132,/search/MOW0107TIV15071?t=SU17829405001782978000000685SVOISTBEGTIV17841039001784235000002125TIVBEGISTVKO_ce0006d650dd423a28fac0d82c03583f_76302&search_date=21032026&expected_price_uuid=019d115e-2e86-8030-a9f9-b0bb446b5e8e&static_fare_key=TY%7CP0%7CH1%7CL1_1_10%7CCH1%7CR0%7CTBC1&expected_price_source=share&expected_price_currency=eur&expected_price=795,SVO,TIV,2026-07-01T21:15:00+03:00,SU,TIV,2026-07-15T08:25:00+02:00,MOW,795,Kupi.com,2,2810,475,440,2,TIV
2136,/search/MOW0107TIV15071?t=SU17828970001782927300000565SVOISTTIV17841399001784175000000525TIVISTSVO_6961dd4796eaa2bd3a19bb8e8000e4dd_76424&search_date=21032026&expected_price_uuid=019d115e-2e86-8030-a9f9-b0bb446b5e8e&static_fare_key=TY%7CP1%7CH1%7CL0%7CCH0%7CR0%7CTBC0&expected_price_source=share&expected_price_currency=eur&expected_price=796,SVO,TIV,2026-07-01T09:10:00+03:00,SU,TIV,2026-07-15T18:25:00+02:00,MOW,796,Авиасейлс,1,1090,410,380,1,TIV
420,/search/MOW0107TIV15071?t=TK17828871001782927300000730VKOISTTIV17841399001784178000000575TIVISTVKO_70baf229eae6e5589ba7bb4504802b1d_76507&search_date=21032026&expected_price_uuid=019d115e-2e86-8030-a9f9-b0bb446b5e8e&static_fare_key=TY%7CP1%7CH1%7CL1_1_30%7CCH1%7CR1%7CTBC1&expected_price_source=share&expected_price_currency=eur&expected_price=797,VKO,TIV,2026-07-01T06:25:00+03:00,TK,TIV,2026-07-15T18:25:00+02:00,MOW,797,Kupi.com,1,1305,340,345,1,TIV
2138,/search/MOW0107TIV15071?t=SU17829483001783006500001030SVOISTTIV17841162001784223000001720TIVBEGGYDVKO_127226da47865a9f8ea4199adcde6631_78183&search_date=21032026&expected_price_uuid=019d115e-2e86-8030-a9f9-b0bb446b5e8e&static_fare_key=TY%7CP1%7CH1%7CL1_1_20%7CCH0%7CR0%7CTBC1&expected_price_source=share&expected_price_currency=eur&expected_price=815,SVO,TIV,2026-07-01T23:25:00+03:00,SU,TIV,2026-07-15T11:50:00+02:00,MOW,815,Aviakassa,2,2750,420,475,1,TIV
2172,/search/MOW0107TIV15071?t=SU17828904001782920100000555SVOISTTIV17841426001784167500000355TIVBEGSVO_6a0366e6f89e08bcaf4e13857543cdb0_89079&search_date=21032026&expected_price_uuid=019d115e-2e86-8030-a9f9-b0bb446b5e8e&static_fare_key=TY%7CP1%7CH1%7CL1_1_23%7CCH0%7CR0%7CTBC1&expected_price_source=share&expected_price_currency=eur&expected_price=928,SVO,TIV,2026-07-01T07:20:00+03:00,SU,TIV,2026-07-15T19:10:00+02:00,MOW,928,Aviakassa,1,910,410,255,1,TIV
2172,/search/MOW0107TIV15071?t=SU17828904001782920100000555SVOISTTIV17841102001784139000000420TIVEVNDME_f891e0f06f5dd531d630768414757ac4_90218&search_date=21032026&expected_price_uuid=019d115e-2e86-8030-a9f9-b0bb446b5e8e&static_fare_key=TY%7CP1%7CH1%7CL1_1_23%7CCH0%7CR0%7CTBC1&expected_price_source=share&expected_price_currency=eur&expected_price=940,SVO,TIV,2026-07-01T07:20:00+03:00,SU,TIV,2026-07-15T10:10:00+02:00,MOW,940,Aviakassa,1,975,410,360,1,TIV
137,/search/MOW0107TIV15071?t=JU17828745001782891600000345SVOBEGTIV17841426001784167500000355TIVBEGSVO_2b49e82c63bd1367c286bea051e1f532_91443&search_date=21032026&expected_price_uuid=019d115e-2e86-8030-a9f9-b0bb446b5e8e&static_fare_key=TY%7CP1%7CH1%7CL1_1_23%7CCH0%7CR0%7CTBC1&expected_price_source=share&expected_price_currency=eur&expected_price=953,SVO,TIV,2026-07-01T02:55:00+03:00,JU,TIV,2026-07-15T19:10:00+02:00,MOW,953,SuperKassa,1,700,245,255,1,TIV
336,/search/MOW0107TIV15071?t=J917828661001782906900000740DMEKWITIV17841102001784139000000420TIVEVNDME_93064385ec1527a3f895c52cf8abdf54_93798&search_date=21032026&expected_price_uuid=019d115e-2e86-8030-a9f9-b0bb446b5e8e&static_fare_key=TY%7CP0%7CH0%7CL0%7CCH0%7CR0%7CTBC0&expected_price_source=share&expected_price_currency=eur&expected_price=977,DME,TIV,2026-07-01T00:35:00+03:00,J9,TIV,2026-07-15T10:10:00+02:00,MOW,977,Kupi.com,1,1160,575,360,1,TIV
336,/search/MOW0107TIV15071?t=J917828661001782906900000740DMEKWITIV17841102001784157000000720TIVEVNDME_f2875a277b7638f49b3aa56fc5462ae6_93798&search_date=21032026&expected_price_uuid=019d115e-2e86-8030-a9f9-b0bb446b5e8e&static_fare_key=TY%7CP0%7CH0%7CL0%7CCH0%7CR0%7CTBC0&expected_price_source=share&expected_price_currency=eur&expected_price=977,DME,TIV,2026-07-01T00:35:00+03:00,J9,TIV,2026-07-15T10:10:00+02:00,MOW,977,Kupi.com,1,1460,575,370,1,TIV
324,/search/MOW0107TIV15071?t=J917828730001782897000000460VKOEVNTIV17841192001784159400000610TIVKWIDME_64e6b23aa1e6b22e4e9b7bbede7caa80_99025&search_date=21032026&expected_price_uuid=019d115e-2e86-8030-a9f9-b0bb446b5e8e&static_fare_key=TY%7CP0%7CH0%7CL0%7CCH0%7CR0%7CTBC0&expected_price_source=share&expected_price_currency=eur&expected_price=1032,VKO,TIV,2026-07-01T02:30:00+03:00,3F,TIV,2026-07-15T12:40:00+02:00,MOW,1032,Kupi.com,1,1070,390,550,1,TIV
2467,/search/MOW0107TIV15071?t=FZ17828829001782921900000710VKODXBTIV17841351001784214900001270TIVDXBVKO_55e38fad2c539d21583547f2128550fe_102631&search_date=21032026&expected_price_uuid=019d115e-2e86-8030-a9f9-b0bb446b5e8e&static_fare_key=TY%7CP0%7CH1%7CL1_1_20%7CCH1%7CR1%7CTBC1&expected_price_source=share&expected_price_currency=eur&expected_price=1069,VKO,TIV,2026-07-01T05:15:00+03:00,EK,TIV,2026-07-15T17:05:00+02:00,MOW,1069,Aviakassa,1,1980,615,730,1,TIV
336,/search/MOW0107TIV15071?t=J917828661001782906900000740DMEKWITIV17841426001784167500000355TIVBEGSVO_fb415b018e9af72566dd2a1e82ff35f6_107821&search_date=21032026&expected_price_uuid=019d115e-2e86-8030-a9f9-b0bb446b5e8e&static_fare_key=TY%7CP0%7CH1%7CL1_1_23%7CCH1%7CR0%7CTBC1&expected_price_source=share&expected_price_currency=eur&expected_price=1123,DME,TIV,2026-07-01T00:35:00+03:00,J9,TIV,2026-07-15T19:10:00+02:00,MOW,1123,Kupi.com,1,1095,575,255,1,TIV
2467,/search/MOW0107TIV15071?t=FZ17828829001782921900000710VKODXBTIV17841399001784178000000575TIVISTVKO_3dabc2b25d2a36f0142378ebae50907c_118404&search_date=21032026&expected_price_uuid=019d115e-2e86-8030-a9f9-b0bb446b5e8e&static_fare_key=TY%7CP0%7CH1%7CL1_1_20%7CCH0%7CR0%7CTBC1&expected_price_source=share&expected_price_currency=eur&expected_price=1234,VKO,TIV,2026-07-01T05:15:00+03:00,EK,TIV,2026-07-15T18:25:00+02:00,MOW,1234,OneTwoTrip,1,1285,615,345,1,TIV
